[2026-08-31T13:19:07.121Z] [SUPPLIER-ROUTER-MIDDLEWARE] [GET] /api/suppliers/0ccceb67-958d-4957-9728-e023994a8e8d/documents | Client: Mozilla/5.0 (Windows NT 10.0; Win64; x64) AppleWebKit/537.36 (KHTML, like Gecko) Chrome/151.0.0.0 Safari/537.36
[2026-08-31T13:19:07.123Z] [GET] /api/suppliers/0ccceb67-958d-4957-9728-e023994a8e8d/documents 304 - 2ms - IP: ::1
[2026-08-31T13:19:21.297Z] [POST] /api/users/login 201 - 2ms - IP: ::1
[2026-08-31T13:19:21.608Z] [GET] /api/users/cedc0064-0c9e-445e-9649-d344d6fe094d 200 - 1ms - IP: ::1
[2026-08-31T13:19:21.610Z] [GET] /api/users/cedc0064-0c9e-445e-9649-d344d6fe094d 304 - 1ms - IP: ::1
[2026-08-31T13:19:21.612Z] [GET] /api/users/cedc0064-0c9e-445e-9649-d344d6fe094d 304 - 1ms - IP: ::1
[2026-08-31T13:19:21.633Z] [GET] /api/products?retailerId=cedc0064-0c9e-445e-9649-d344d6fe094d&storeId=JOHN-S-STORE 200 - 1ms - IP: ::1
[2026-08-31T13:19:21.636Z] [GET] /api/products?retailerId=cedc0064-0c9e-445e-9649-d344d6fe094d&storeId=JOHN-S-STORE 304 - 0ms - IP: ::1
[2026-08-31T13:19:21.640Z] [GET] /api/returns?retailerId=cedc0064-0c9e-445e-9649-d344d6fe094d&storeId=JOHN-S-STORE 200 - 0ms - IP: ::1
[2026-08-31T13:19:21.643Z] [GET] /api/customers?retailerId=cedc0064-0c9e-445e-9649-d344d6fe094d&storeId=JOHN-S-STORE 200 - 0ms - IP: ::1
[2026-08-31T13:19:21.645Z] [AUDIT] Action invoked on route: [GET] /api/transactions?retailerId=cedc0064-0c9e-445e-9649-d344d6fe094d&storeId=JOHN-S-STORE
[2026-08-31T13:19:21.647Z] [SUPPLIER-ROUTER-MIDDLEWARE] [GET] /api/suppliers | Client: Mozilla/5.0 (Windows NT 10.0; Win64; x64) AppleWebKit/537.36 (KHTML, like Gecko) Chrome/151.0.0.0 Safari/537.36
[2026-08-31T13:19:21.648Z] [GET] /api/suppliers 200 - 1ms - IP: ::1
[2026-08-31T13:19:21.651Z] [GET] /api/returns?retailerId=cedc0064-0c9e-445e-9649-d344d6fe094d&storeId=JOHN-S-STORE 304 - 2ms - IP: ::1
[2026-08-31T13:19:21.646Z] [GET] /api/transactions?retailerId=cedc0064-0c9e-445e-9649-d344d6fe094d&storeId=JOHN-S-STORE 200 - 1ms - IP: ::1
[2026-08-31T13:19:21.647Z] [GET] /api/purchase-orders?retailerId=cedc0064-0c9e-445e-9649-d344d6fe094d&storeId=JOHN-S-STORE 200 - 1ms - IP: ::1
[2026-08-31T13:19:39.496Z] [PATCH] /api/users/cedc0064-0c9e-445e-9649-d344d6fe094d 400 - 5ms - IP: ::1
[2026-08-31T13:19:59.413Z] [GET] /api/users/cedc0064-0c9e-445e-9649-d344d6fe094d 304 - 2ms - IP: ::1
[2026-08-31T13:19:59.415Z] [GET] /api/users/cedc0064-0c9e-445e-9649-d344d6fe094d 304 - 1ms - IP: ::1
[2026-08-31T13:19:59.418Z] [GET] /api/returns?retailerId=cedc0064-0c9e-445e-9649-d344d6fe094d&storeId=JOHN-S-STORE 304 - 1ms - IP: ::1
[2026-08-31T13:19:59.419Z] [GET] /api/products?retailerId=cedc0064-0c9e-445e-9649-d344d6fe094d&storeId=JOHN-S-STORE 304 - 0ms - IP: ::1
[2026-08-31T13:19:59.422Z] [GET] /api/users/cedc0064-0c9e-445e-9649-d344d6fe094d 304 - 1ms - IP: ::1
[2026-08-31T13:19:59.468Z] [GET] /api/products?retailerId=cedc0064-0c9e-445e-9649-d344d6fe094d&storeId=JOHN-S-STORE 304 - 1ms - IP: ::1
[2026-08-31T13:19:59.469Z] [GET] /api/customers?retailerId=cedc0064-0c9e-445e-9649-d344d6fe094d&storeId=JOHN-S-STORE 304 - 0ms - IP: ::1
[2026-08-31T13:19:59.470Z] [AUDIT] Action invoked on route: [GET] /api/transactions?retailerId=cedc0064-0c9e-445e-9649-d344d6fe094d&storeId=JOHN-S-STORE
[2026-08-31T13:19:59.472Z] [GET] /api/transactions?retailerId=cedc0064-0c9e-445e-9649-d344d6fe094d&storeId=JOHN-S-STORE 304 - 2ms - IP: ::1
[2026-08-31T13:19:59.474Z] [GET] /api/purchase-orders?retailerId=cedc0064-0c9e-445e-9649-d344d6fe094d&storeId=JOHN-S-STORE 304 - 1ms - IP: ::1
[2026-08-31T13:19:59.475Z] [GET] /api/returns?retailerId=cedc0064-0c9e-445e-9649-d344d6fe094d&storeId=JOHN-S-STORE 304 - 1ms - IP: ::1
[2026-08-31T13:19:59.475Z] [SUPPLIER-ROUTER-MIDDLEWARE] [GET] /api/suppliers | Client: Mozilla/5.0 (Windows NT 10.0; Win64; x64) AppleWebKit/537.36 (KHTML, like Gecko) Chrome/151.0.0.0 Safari/537.36
[2026-08-31T13:19:59.476Z] [GET] /api/suppliers 304 - 1ms - IP: ::1
[2026-08-31T13:20:03.206Z] [GET] /api/users/cedc0064-0c9e-445e-9649-d344d6fe094d 304 - 1ms - IP: ::1
[2026-08-31T13:20:03.208Z] [GET] /api/products?retailerId=cedc0064-0c9e-445e-9649-d344d6fe094d&storeId=JOHN-S-STORE 304 - 1ms - IP: ::1
[2026-08-31T13:20:03.209Z] [AUDIT] Action invoked on route: [GET] /api/transactions?retailerId=cedc0064-0c9e-445e-9649-d344d6fe094d&storeId=JOHN-S-STORE
[2026-08-31T13:20:03.211Z] [SUPPLIER-ROUTER-MIDDLEWARE] [GET] /api/suppliers | Client: Mozilla/5.0 (Windows NT 10.0; Win64; x64) AppleWebKit/537.36 (KHTML, like Gecko) Chrome/151.0.0.0 Safari/537.36
[2026-08-31T13:20:03.210Z] [GET] /api/transactions?retailerId=cedc0064-0c9e-445e-9649-d344d6fe094d&storeId=JOHN-S-STORE 304 - 1ms - IP: ::1
[2026-08-31T13:20:03.212Z] [GET] /api/suppliers 304 - 1ms - IP: ::1
[2026-08-31T13:20:03.218Z] [GET] /api/returns?retailerId=cedc0064-0c9e-445e-9649-d344d6fe094d&storeId=JOHN-S-STORE 304 - 0ms - IP: ::1
[2026-08-31T13:20:03.220Z] [GET] /api/products?retailerId=cedc0064-0c9e-445e-9649-d344d6fe094d&storeId=JOHN-S-STORE 304 - 1ms - IP: ::1
[2026-08-31T13:20:04.140Z] [GET] /api/users/cedc0064-0c9e-445e-9649-d344d6fe094d 304 - 2ms - IP: ::1
[2026-08-31T13:20:04.142Z] [GET] /api/products?retailerId=cedc0064-0c9e-445e-9649-d344d6fe094d&storeId=JOHN-S-STORE 304 - 2ms - IP: ::1
[2026-08-31T13:20:04.144Z] [GET] /api/returns?retailerId=cedc0064-0c9e-445e-9649-d344d6fe094d&storeId=JOHN-S-STORE 304 - 1ms - IP: ::1
[2026-08-31T13:20:04.146Z] [GET] /api/stores?retailerId=cedc0064-0c9e-445e-9649-d344d6fe094d&storeId=JOHN-S-STORE 200 - 0ms - IP: ::1
[2026-08-31T13:20:04.148Z] [GET] /api/products?retailerId=cedc0064-0c9e-445e-9649-d344d6fe094d&storeId=JOHN-S-STORE 304 - 1ms - IP: ::1
[2026-08-31T13:20:09.033Z] [GET] /api/users/cedc0064-0c9e-445e-9649-d344d6fe094d 304 - 2ms - IP: ::1
[2026-08-31T13:20:09.035Z] [GET] /api/users/cedc0064-0c9e-445e-9649-d344d6fe094d 304 - 1ms - IP: ::1
[2026-08-31T13:20:09.037Z] [GET] /api/users/cedc0064-0c9e-445e-9649-d344d6fe094d 304 - 1ms - IP: ::1
[2026-08-31T13:20:09.072Z] [GET] /api/returns?retailerId=cedc0064-0c9e-445e-9649-d344d6fe094d&storeId=JOHN-S-STORE 304 - 0ms - IP: ::1
[2026-08-31T13:20:09.074Z] [GET] /api/products?retailerId=cedc0064-0c9e-445e-9649-d344d6fe094d&storeId=JOHN-S-STORE 304 - 1ms - IP: ::1
[2026-08-31T13:20:09.082Z] [GET] /api/products?retailerId=cedc0064-0c9e-445e-9649-d344d6fe094d&storeId=JOHN-S-STORE 304 - 1ms - IP: ::1
[2026-08-31T13:20:09.083Z] [GET] /api/customers?retailerId=cedc0064-0c9e-445e-9649-d344d6fe094d&storeId=JOHN-S-STORE 304 - 1ms - IP: ::1
[2026-08-31T13:20:09.083Z] [AUDIT] Action invoked on route: [GET] /api/transactions?retailerId=cedc0064-0c9e-445e-9649-d344d6fe094d&storeId=JOHN-S-STORE
[2026-08-31T13:20:09.084Z] [GET] /api/transactions?retailerId=cedc0064-0c9e-445e-9649-d344d6fe094d&storeId=JOHN-S-STORE 304 - 1ms - IP: ::1
[2026-08-31T13:20:09.085Z] [GET] /api/purchase-orders?retailerId=cedc0064-0c9e-445e-9649-d344d6fe094d&storeId=JOHN-S-STORE 304 - 1ms - IP: ::1
[2026-08-31T13:20:09.087Z] [GET] /api/returns?retailerId=cedc0064-0c9e-445e-9649-d344d6fe094d&storeId=JOHN-S-STORE 304 - 1ms - IP: ::1
[2026-08-31T13:20:09.087Z] [SUPPLIER-ROUTER-MIDDLEWARE] [GET] /api/suppliers | Client: Mozilla/5.0 (Windows NT 10.0; Win64; x64) AppleWebKit/537.36 (KHTML, like Gecko) Chrome/151.0.0.0 Safari/537.36
[2026-08-31T13:20:09.088Z] [GET] /api/suppliers 304 - 1ms - IP: ::1
[2026-08-31T13:20:23.879Z] [GET] /api/users/cedc0064-0c9e-445e-9649-d344d6fe094d 304 - 3ms - IP: ::1
[2026-08-31T13:20:23.892Z] [GET] /api/products?retailerId=cedc0064-0c9e-445e-9649-d344d6fe094d&storeId=JOHN-S-STORE 304 - 1ms - IP: ::1
[2026-08-31T13:20:23.894Z] [GET] /api/returns?retailerId=cedc0064-0c9e-445e-9649-d344d6fe094d&storeId=JOHN-S-STORE 304 - 1ms - IP: ::1
[2026-08-31T13:20:23.888Z] [GET] /api/products?retailerId=cedc0064-0c9e-445e-9649-d344d6fe094d&storeId=JOHN-S-STORE 304 - 3ms - IP: ::1
[2026-08-31T13:20:37.486Z] [GET] /api/users/cedc0064-0c9e-445e-9649-d344d6fe094d 304 - 1ms - IP: ::1
[2026-08-31T13:20:37.488Z] [GET] /api/users/cedc0064-0c9e-445e-9649-d344d6fe094d 304 - 1ms - IP: ::1
[2026-08-31T13:20:37.490Z] [GET] /api/users/cedc0064-0c9e-445e-9649-d344d6fe094d 304 - 1ms - IP: ::1
[2026-08-31T13:20:37.495Z] [GET] /api/products?retailerId=cedc0064-0c9e-445e-9649-d344d6fe094d&storeId=JOHN-S-STORE 304 - 1ms - IP: ::1
[2026-08-31T13:20:37.498Z] [GET] /api/customers?retailerId=cedc0064-0c9e-445e-9649-d344d6fe094d&storeId=JOHN-S-STORE 304 - 1ms - IP: ::1
[2026-08-31T13:20:37.499Z] [AUDIT] Action invoked on route: [GET] /api/transactions?retailerId=cedc0064-0c9e-445e-9649-d344d6fe094d&storeId=JOHN-S-STORE
[2026-08-31T13:20:37.500Z] [GET] /api/transactions?retailerId=cedc0064-0c9e-445e-9649-d344d6fe094d&storeId=JOHN-S-STORE 304 - 1ms - IP: ::1
[2026-08-31T13:20:37.502Z] [GET] /api/purchase-orders?retailerId=cedc0064-0c9e-445e-9649-d344d6fe094d&storeId=JOHN-S-STORE 304 - 1ms - IP: ::1
[2026-08-31T13:20:37.503Z] [SUPPLIER-ROUTER-MIDDLEWARE] [GET] /api/suppliers | Client: Mozilla/5.0 (Windows NT 10.0; Win64; x64) AppleWebKit/537.36 (KHTML, like Gecko) Chrome/151.0.0.0 Safari/537.36
[2026-08-31T13:20:37.496Z] [GET] /api/returns?retailerId=cedc0064-0c9e-445e-9649-d344d6fe094d&storeId=JOHN-S-STORE 304 - 0ms - IP: ::1
[2026-08-31T13:20:37.504Z] [GET] /api/suppliers 304 - 1ms - IP: ::1
[2026-08-31T13:20:37.506Z] [GET] /api/products?retailerId=cedc0064-0c9e-445e-9649-d344d6fe094d&storeId=JOHN-S-STORE 304 - 1ms - IP: ::1
[2026-08-31T13:20:37.508Z] [GET] /api/returns?retailerId=cedc0064-0c9e-445e-9649-d344d6fe094d&storeId=JOHN-S-STORE 304 - 1ms - IP: ::1
[2026-08-31T13:21:26.199Z] [POST] /api/users/login 201 - 2ms - IP: ::1
[2026-08-31T13:21:26.226Z] [SUPPLIER-ROUTER-MIDDLEWARE] [GET] /api/suppliers/0ccceb67-958d-4957-9728-e023994a8e8d | Client: Mozilla/5.0 (Windows NT 10.0; Win64; x64) AppleWebKit/537.36 (KHTML, like Gecko) Chrome/151.0.0.0 Safari/537.36
[2026-08-31T13:21:26.227Z] [GET] /api/suppliers/0ccceb67-958d-4957-9728-e023994a8e8d 304 - 1ms - IP: ::1
[2026-08-31T13:21:26.259Z] [GET] /api/retailers 304 - 1ms - IP: ::1
[2026-08-31T13:21:26.262Z] [GET] /api/purchase-orders 304 - 0ms - IP: ::1
[2026-08-31T13:21:26.269Z] [SUPPLIER-ROUTER-MIDDLEWARE] [GET] /api/suppliers/0ccceb67-958d-4957-9728-e023994a8e8d/documents | Client: Mozilla/5.0 (Windows NT 10.0; Win64; x64) AppleWebKit/537.36 (KHTML, like Gecko) Chrome/151.0.0.0 Safari/537.36
[2026-08-31T13:21:26.270Z] [GET] /api/suppliers/0ccceb67-958d-4957-9728-e023994a8e8d/documents 304 - 1ms - IP: ::1
[2026-08-31T13:30:40.672Z] [PUT] /api/purchase-orders/PO-2026-0004 200 - 6ms - IP: ::1
[2026-08-31T13:30:50.089Z] [PUT] /api/purchase-orders/PO-2026-0004 200 - 16ms - IP: ::1
[2026-08-31T13:31:02.255Z] [PUT] /api/purchase-orders/PO-2026-0004 200 - 3ms - IP: ::1
[2026-08-31T13:31:53.672Z] [SUPPLIER-ROUTER-MIDDLEWARE] [GET] /api/suppliers/0ccceb67-958d-4957-9728-e023994a8e8d | Client: Mozilla/5.0 (Windows NT 10.0; Win64; x64) AppleWebKit/537.36 (KHTML, like Gecko) Chrome/151.0.0.0 Safari/537.36
[2026-08-31T13:31:53.674Z] [GET] /api/suppliers/0ccceb67-958d-4957-9728-e023994a8e8d 200 - 2ms - IP: ::1
[2026-08-31T13:31:53.806Z] [GET] /api/retailers 304 - 1ms - IP: ::1
[2026-08-31T13:31:53.843Z] [GET] /api/purchase-orders 304 - 0ms - IP: ::1
[2026-08-31T13:31:53.927Z] [SUPPLIER-ROUTER-MIDDLEWARE] [GET] /api/suppliers/0ccceb67-958d-4957-9728-e023994a8e8d/documents | Client: Mozilla/5.0 (Windows NT 10.0; Win64; x64) AppleWebKit/537.36 (KHTML, like Gecko) Chrome/151.0.0.0 Safari/537.36
[2026-08-31T13:31:53.928Z] [GET] /api/suppliers/0ccceb67-958d-4957-9728-e023994a8e8d/documents 304 - 1ms - IP: ::1
[2026-08-31T13:32:59.533Z] [SUPPLIER-ROUTER-MIDDLEWARE] [GET] /api/suppliers/0ccceb67-958d-4957-9728-e023994a8e8d | Client: Mozilla/5.0 (Windows NT 10.0; Win64; x64) AppleWebKit/537.36 (KHTML, like Gecko) Chrome/151.0.0.0 Safari/537.36
[2026-08-31T13:32:59.534Z] [GET] /api/suppliers/0ccceb67-958d-4957-9728-e023994a8e8d 304 - 1ms - IP: ::1
[2026-08-31T13:32:59.558Z] [GET] /api/retailers 304 - 1ms - IP: ::1
[2026-08-31T13:32:59.564Z] [GET] /api/purchase-orders 304 - 0ms - IP: ::1
[2026-08-31T13:32:59.589Z] [SUPPLIER-ROUTER-MIDDLEWARE] [GET] /api/suppliers/0ccceb67-958d-4957-9728-e023994a8e8d/documents | Client: Mozilla/5.0 (Windows NT 10.0; Win64; x64) AppleWebKit/537.36 (KHTML, like Gecko) Chrome/151.0.0.0 Safari/537.36
[2026-08-31T13:32:59.590Z] [GET] /api/suppliers/0ccceb67-958d-4957-9728-e023994a8e8d/documents 304 - 1ms - IP: ::1
[2026-08-31T13:44:26.418Z] [SUPPLIER-ROUTER-MIDDLEWARE] [GET] /api/suppliers/0ccceb67-958d-4957-9728-e023994a8e8d | Client: Mozilla/5.0 (Windows NT 10.0; Win64; x64) AppleWebKit/537.36 (KHTML, like Gecko) Chrome/151.0.0.0 Safari/537.36
[2026-08-31T13:44:26.420Z] [GET] /api/suppliers/0ccceb67-958d-4957-9728-e023994a8e8d 304 - 2ms - IP: ::1
[2026-08-31T13:44:26.496Z] [GET] /api/retailers 304 - 0ms - IP: ::1
[2026-08-31T13:44:26.500Z] [GET] /api/purchase-orders 304 - 1ms - IP: ::1
[2026-08-31T13:44:26.508Z] [SUPPLIER-ROUTER-MIDDLEWARE] [GET] /api/suppliers/0ccceb67-958d-4957-9728-e023994a8e8d/documents | Client: Mozilla/5.0 (Windows NT 10.0; Win64; x64) AppleWebKit/537.36 (KHTML, like Gecko) Chrome/151.0.0.0 Safari/537.36
[2026-08-31T13:44:26.509Z] [GET] /api/suppliers/0ccceb67-958d-4957-9728-e023994a8e8d/documents 304 - 1ms - IP: ::1
[2026-08-31T13:46:00.970Z] [SUPPLIER-ROUTER-MIDDLEWARE] [GET] /api/suppliers/0ccceb67-958d-4957-9728-e023994a8e8d | Client: Mozilla/5.0 (Windows NT 10.0; Win64; x64) AppleWebKit/537.36 (KHTML, like Gecko) Chrome/151.0.0.0 Safari/537.36
[2026-08-31T13:46:00.971Z] [GET] /api/suppliers/0ccceb67-958d-4957-9728-e023994a8e8d 304 - 1ms - IP: ::1
[2026-08-31T13:46:00.998Z] [GET] /api/retailers 304 - 1ms - IP: ::1
[2026-08-31T13:46:01.006Z] [GET] /api/purchase-orders 304 - 1ms - IP: ::1
[2026-08-31T13:46:01.067Z] [SUPPLIER-ROUTER-MIDDLEWARE] [GET] /api/suppliers/0ccceb67-958d-4957-9728-e023994a8e8d/documents | Client: Mozilla/5.0 (Windows NT 10.0; Win64; x64) AppleWebKit/537.36 (KHTML, like Gecko) Chrome/151.0.0.0 Safari/537.36
[2026-08-31T13:46:01.068Z] [GET] /api/suppliers/0ccceb67-958d-4957-9728-e023994a8e8d/documents 304 - 1ms - IP: ::1
[2026-08-31T13:46:44.656Z] [SUPPLIER-ROUTER-MIDDLEWARE] [GET] /api/suppliers/0ccceb67-958d-4957-9728-e023994a8e8d | Client: Mozilla/5.0 (Windows NT 10.0; Win64; x64) AppleWebKit/537.36 (KHTML, like Gecko) Chrome/151.0.0.0 Safari/537.36
[2026-08-31T13:46:44.657Z] [GET] /api/suppliers/0ccceb67-958d-4957-9728-e023994a8e8d 304 - 2ms - IP: ::1
[2026-08-31T13:46:44.666Z] [GET] /api/retailers 304 - 1ms - IP: ::1
[2026-08-31T13:46:44.697Z] [GET] /api/purchase-orders 304 - 1ms - IP: ::1
[2026-08-31T13:46:44.707Z] [SUPPLIER-ROUTER-MIDDLEWARE] [GET] /api/suppliers/0ccceb67-958d-4957-9728-e023994a8e8d/documents | Client: Mozilla/5.0 (Windows NT 10.0; Win64; x64) AppleWebKit/537.36 (KHTML, like Gecko) Chrome/151.0.0.0 Safari/537.36
[2026-08-31T13:46:44.709Z] [GET] /api/suppliers/0ccceb67-958d-4957-9728-e023994a8e8d/documents 304 - 2ms - IP: ::1
[2026-08-31T13:47:02.974Z] [SUPPLIER-ROUTER-MIDDLEWARE] [GET] /api/suppliers/0ccceb67-958d-4957-9728-e023994a8e8d/documents | Client: Mozilla/5.0 (Windows NT 10.0; Win64; x64) AppleWebKit/537.36 (KHTML, like Gecko) Chrome/151.0.0.0 Safari/537.36
[2026-08-31T13:47:02.975Z] [GET] /api/suppliers/0ccceb67-958d-4957-9728-e023994a8e8d/documents 304 - 1ms - IP: ::1
[2026-08-31T13:47:13.936Z] [POST] /api/users/login 201 - 3ms - IP: ::1
[2026-08-31T13:47:14.034Z] [GET] /api/users/cedc0064-0c9e-445e-9649-d344d6fe094d 304 - 1ms - IP: ::1
[2026-08-31T13:47:14.036Z] [GET] /api/users/cedc0064-0c9e-445e-9649-d344d6fe094d 304 - 1ms - IP: ::1
[2026-08-31T13:47:14.038Z] [GET] /api/users/cedc0064-0c9e-445e-9649-d344d6fe094d 304 - 1ms - IP: ::1
[2026-08-31T13:47:14.095Z] [GET] /api/returns?retailerId=cedc0064-0c9e-445e-9649-d344d6fe094d&storeId=JOHN-S-STORE 304 - 1ms - IP: ::1
[2026-08-31T13:47:14.100Z] [GET] /api/products?retailerId=cedc0064-0c9e-445e-9649-d344d6fe094d&storeId=JOHN-S-STORE 200 - 3ms - IP: ::1
[2026-08-31T13:47:14.102Z] [GET] /api/customers?retailerId=cedc0064-0c9e-445e-9649-d344d6fe094d&storeId=JOHN-S-STORE 304 - 1ms - IP: ::1
[2026-08-31T13:47:14.104Z] [AUDIT] Action invoked on route: [GET] /api/transactions?retailerId=cedc0064-0c9e-445e-9649-d344d6fe094d&storeId=JOHN-S-STORE
[2026-08-31T13:47:14.106Z] [GET] /api/transactions?retailerId=cedc0064-0c9e-445e-9649-d344d6fe094d&storeId=JOHN-S-STORE 304 - 2ms - IP: ::1
[2026-08-31T13:47:14.112Z] [GET] /api/products?retailerId=cedc0064-0c9e-445e-9649-d344d6fe094d&storeId=JOHN-S-STORE 304 - 4ms - IP: ::1
[2026-08-31T13:47:14.118Z] [GET] /api/purchase-orders?retailerId=cedc0064-0c9e-445e-9649-d344d6fe094d&storeId=JOHN-S-STORE 304 - 2ms - IP: ::1
[2026-08-31T13:47:14.121Z] [SUPPLIER-ROUTER-MIDDLEWARE] [GET] /api/suppliers | Client: Mozilla/5.0 (Windows NT 10.0; Win64; x64) AppleWebKit/537.36 (KHTML, like Gecko) Chrome/151.0.0.0 Safari/537.36
[2026-08-31T13:47:14.124Z] [GET] /api/suppliers 200 - 3ms - IP: ::1
[2026-08-31T13:47:14.128Z] [GET] /api/returns?retailerId=cedc0064-0c9e-445e-9649-d344d6fe094d&storeId=JOHN-S-STORE 304 - 2ms - IP: ::1
[2026-08-31T13:47:18.013Z] [GET] /api/users/cedc0064-0c9e-445e-9649-d344d6fe094d 304 - 2ms - IP: ::1
[2026-08-31T13:47:18.016Z] [GET] /api/users/cedc0064-0c9e-445e-9649-d344d6fe094d 304 - 1ms - IP: ::1
[2026-08-31T13:47:18.019Z] [GET] /api/users/cedc0064-0c9e-445e-9649-d344d6fe094d 304 - 1ms - IP: ::1
[2026-08-31T13:47:18.025Z] [GET] /api/returns?retailerId=cedc0064-0c9e-445e-9649-d344d6fe094d&storeId=JOHN-S-STORE 304 - 1ms - IP: ::1
[2026-08-31T13:47:18.027Z] [GET] /api/customers?retailerId=cedc0064-0c9e-445e-9649-d344d6fe094d&storeId=JOHN-S-STORE 304 - 1ms - IP: ::1
[2026-08-31T13:47:18.030Z] [GET] /api/products?retailerId=cedc0064-0c9e-445e-9649-d344d6fe094d&storeId=JOHN-S-STORE 304 - 2ms - IP: ::1
[2026-08-31T13:47:18.032Z] [AUDIT] Action invoked on route: [GET] /api/transactions?retailerId=cedc0064-0c9e-445e-9649-d344d6fe094d&storeId=JOHN-S-STORE
[2026-08-31T13:47:18.034Z] [GET] /api/transactions?retailerId=cedc0064-0c9e-445e-9649-d344d6fe094d&storeId=JOHN-S-STORE 304 - 2ms - IP: ::1
[2026-08-31T13:47:18.039Z] [GET] /api/purchase-orders?retailerId=cedc0064-0c9e-445e-9649-d344d6fe094d&storeId=JOHN-S-STORE 304 - 2ms - IP: ::1
[2026-08-31T13:47:18.044Z] [GET] /api/returns?retailerId=cedc0064-0c9e-445e-9649-d344d6fe094d&storeId=JOHN-S-STORE 304 - 2ms - IP: ::1
[2026-08-31T13:47:18.046Z] [SUPPLIER-ROUTER-MIDDLEWARE] [GET] /api/suppliers | Client: Mozilla/5.0 (Windows NT 10.0; Win64; x64) AppleWebKit/537.36 (KHTML, like Gecko) Chrome/151.0.0.0 Safari/537.36
[2026-08-31T13:47:18.048Z] [GET] /api/suppliers 304 - 2ms - IP: ::1
[2026-08-31T13:47:18.051Z] [GET] /api/products?retailerId=cedc0064-0c9e-445e-9649-d344d6fe094d&storeId=JOHN-S-STORE 304 - 2ms - IP: ::1
[2026-08-31T13:47:18.522Z] [GET] /api/products?retailerId=cedc0064-0c9e-445e-9649-d344d6fe094d&storeId=JOHN-S-STORE 304 - 0ms - IP: ::1
[2026-08-31T13:47:18.525Z] [GET] /api/users/cedc0064-0c9e-445e-9649-d344d6fe094d 304 - 2ms - IP: ::1
[2026-08-31T13:47:18.529Z] [GET] /api/users/cedc0064-0c9e-445e-9649-d344d6fe094d 304 - 3ms - IP: ::1
[2026-08-31T13:47:18.545Z] [GET] /api/returns?retailerId=cedc0064-0c9e-445e-9649-d344d6fe094d&storeId=JOHN-S-STORE 304 - 2ms - IP: ::1
[2026-08-31T13:47:18.548Z] [GET] /api/products?retailerId=cedc0064-0c9e-445e-9649-d344d6fe094d&storeId=JOHN-S-STORE 304 - 2ms - IP: ::1
[2026-08-31T13:47:19.038Z] [GET] /api/products?retailerId=cedc0064-0c9e-445e-9649-d344d6fe094d&storeId=JOHN-S-STORE 304 - 1ms - IP: ::1
[2026-08-31T13:47:19.048Z] [GET] /api/users/cedc0064-0c9e-445e-9649-d344d6fe094d 304 - 2ms - IP: ::1
[2026-08-31T13:47:19.051Z] [GET] /api/returns?retailerId=cedc0064-0c9e-445e-9649-d344d6fe094d&storeId=JOHN-S-STORE 304 - 1ms - IP: ::1
[2026-08-31T13:47:19.053Z] [GET] /api/products?retailerId=cedc0064-0c9e-445e-9649-d344d6fe094d&storeId=JOHN-S-STORE 304 - 2ms - IP: ::1
[2026-08-31T13:47:19.454Z] [GET] /api/users/cedc0064-0c9e-445e-9649-d344d6fe094d 304 - 3ms - IP: ::1
[2026-08-31T13:47:19.462Z] [GET] /api/returns?retailerId=cedc0064-0c9e-445e-9649-d344d6fe094d&storeId=JOHN-S-STORE 304 - 2ms - IP: ::1
[2026-08-31T13:47:19.464Z] [GET] /api/products?retailerId=cedc0064-0c9e-445e-9649-d344d6fe094d&storeId=JOHN-S-STORE 304 - 1ms - IP: ::1
[2026-08-31T13:47:20.019Z] [GET] /api/users/cedc0064-0c9e-445e-9649-d344d6fe094d 304 - 1ms - IP: ::1
[2026-08-31T13:47:20.020Z] [GET] /api/stock-adjustments?retailerId=cedc0064-0c9e-445e-9649-d344d6fe094d&storeId=JOHN-S-STORE 200 - 0ms - IP: ::1
[2026-08-31T13:47:20.024Z] [AUDIT] Action invoked on route: [GET] /api/transactions?retailerId=cedc0064-0c9e-445e-9649-d344d6fe094d&storeId=JOHN-S-STORE
[2026-08-31T13:47:20.021Z] [GET] /api/products?retailerId=cedc0064-0c9e-445e-9649-d344d6fe094d&storeId=JOHN-S-STORE 304 - 0ms - IP: ::1
[2026-08-31T13:47:20.027Z] [GET] /api/transactions?retailerId=cedc0064-0c9e-445e-9649-d344d6fe094d&storeId=JOHN-S-STORE 304 - 3ms - IP: ::1
[2026-08-31T13:47:20.029Z] [GET] /api/purchase-orders?retailerId=cedc0064-0c9e-445e-9649-d344d6fe094d&storeId=JOHN-S-STORE 304 - 1ms - IP: ::1
[2026-08-31T13:47:20.057Z] [GET] /api/returns?retailerId=cedc0064-0c9e-445e-9649-d344d6fe094d&storeId=JOHN-S-STORE 304 - 2ms - IP: ::1
[2026-08-31T13:47:20.061Z] [GET] /api/products?retailerId=cedc0064-0c9e-445e-9649-d344d6fe094d&storeId=JOHN-S-STORE 304 - 3ms - IP: ::1
[2026-08-31T13:47:20.198Z] [GET] /api/users/cedc0064-0c9e-445e-9649-d344d6fe094d 304 - 2ms - IP: ::1
[2026-08-31T13:47:20.201Z] [GET] /api/products?retailerId=cedc0064-0c9e-445e-9649-d344d6fe094d&storeId=JOHN-S-STORE 304 - 2ms - IP: ::1
[2026-08-31T13:47:20.207Z] [GET] /api/returns?retailerId=cedc0064-0c9e-445e-9649-d344d6fe094d&storeId=JOHN-S-STORE 304 - 1ms - IP: ::1
[2026-08-31T13:47:20.210Z] [GET] /api/products?retailerId=cedc0064-0c9e-445e-9649-d344d6fe094d&storeId=JOHN-S-STORE 304 - 2ms - IP: ::1
[2026-08-31T13:47:21.121Z] [GET] /api/users/cedc0064-0c9e-445e-9649-d344d6fe094d 304 - 2ms - IP: ::1
[2026-08-31T13:47:21.123Z] [GET] /api/products?retailerId=cedc0064-0c9e-445e-9649-d344d6fe094d&storeId=JOHN-S-STORE 304 - 1ms - IP: ::1
[2026-08-31T13:47:21.127Z] [GET] /api/returns?retailerId=cedc0064-0c9e-445e-9649-d344d6fe094d&storeId=JOHN-S-STORE 304 - 1ms - IP: ::1
[2026-08-31T13:47:21.132Z] [GET] /api/products?retailerId=cedc0064-0c9e-445e-9649-d344d6fe094d&storeId=JOHN-S-STORE 304 - 3ms - IP: ::1
[2026-08-31T13:47:21.377Z] [GET] /api/users/cedc0064-0c9e-445e-9649-d344d6fe094d 304 - 1ms - IP: ::1
[2026-08-31T13:47:21.381Z] [GET] /api/products?retailerId=cedc0064-0c9e-445e-9649-d344d6fe094d&storeId=JOHN-S-STORE 304 - 3ms - IP: ::1
[2026-08-31T13:47:21.383Z] [GET] /api/stock-adjustments?retailerId=cedc0064-0c9e-445e-9649-d344d6fe094d&storeId=JOHN-S-STORE 304 - 1ms - IP: ::1
[2026-08-31T13:47:21.385Z] [AUDIT] Action invoked on route: [GET] /api/transactions?retailerId=cedc0064-0c9e-445e-9649-d344d6fe094d&storeId=JOHN-S-STORE
[2026-08-31T13:47:21.387Z] [GET] /api/transactions?retailerId=cedc0064-0c9e-445e-9649-d344d6fe094d&storeId=JOHN-S-STORE 304 - 2ms - IP: ::1
[2026-08-31T13:47:21.389Z] [GET] /api/purchase-orders?retailerId=cedc0064-0c9e-445e-9649-d344d6fe094d&storeId=JOHN-S-STORE 304 - 1ms - IP: ::1
[2026-08-31T13:47:21.390Z] [GET] /api/products?retailerId=cedc0064-0c9e-445e-9649-d344d6fe094d&storeId=JOHN-S-STORE 304 - 1ms - IP: ::1
[2026-08-31T13:47:21.393Z] [GET] /api/returns?retailerId=cedc0064-0c9e-445e-9649-d344d6fe094d&storeId=JOHN-S-STORE 304 - 2ms - IP: ::1
[2026-08-31T13:47:21.775Z] [GET] /api/users/cedc0064-0c9e-445e-9649-d344d6fe094d 304 - 1ms - IP: ::1
[2026-08-31T13:47:21.777Z] [GET] /api/products?retailerId=cedc0064-0c9e-445e-9649-d344d6fe094d&storeId=JOHN-S-STORE 304 - 1ms - IP: ::1
[2026-08-31T13:47:21.802Z] [GET] /api/returns?retailerId=cedc0064-0c9e-445e-9649-d344d6fe094d&storeId=JOHN-S-STORE 304 - 1ms - IP: ::1
[2026-08-31T13:47:21.808Z] [GET] /api/products?retailerId=cedc0064-0c9e-445e-9649-d344d6fe094d&storeId=JOHN-S-STORE 304 - 3ms - IP: ::1
[2026-08-31T13:47:21.813Z] [GET] /api/stores?retailerId=cedc0064-0c9e-445e-9649-d344d6fe094d&storeId=JOHN-S-STORE 304 - 1ms - IP: ::1
[2026-08-31T13:47:22.218Z] [GET] /api/users/cedc0064-0c9e-445e-9649-d344d6fe094d 304 - 3ms - IP: ::1
[2026-08-31T13:47:22.227Z] [GET] /api/products?retailerId=cedc0064-0c9e-445e-9649-d344d6fe094d&storeId=JOHN-S-STORE 304 - 6ms - IP: ::1
[2026-08-31T13:47:22.231Z] [GET] /api/stock-adjustments?retailerId=cedc0064-0c9e-445e-9649-d344d6fe094d&storeId=JOHN-S-STORE 304 - 1ms - IP: ::1
[2026-08-31T13:47:22.235Z] [GET] /api/returns?retailerId=cedc0064-0c9e-445e-9649-d344d6fe094d&storeId=JOHN-S-STORE 304 - 1ms - IP: ::1
[2026-08-31T13:47:22.241Z] [GET] /api/products?retailerId=cedc0064-0c9e-445e-9649-d344d6fe094d&storeId=JOHN-S-STORE 304 - 3ms - IP: ::1
[2026-08-31T13:47:22.888Z] [GET] /api/users/cedc0064-0c9e-445e-9649-d344d6fe094d 304 - 2ms - IP: ::1
[2026-08-31T13:47:22.890Z] [AUDIT] Action invoked on route: [GET] /api/billers?retailerId=cedc0064-0c9e-445e-9649-d344d6fe094d&storeId=JOHN-S-STORE
[2026-08-31T13:47:22.894Z] [GET] /api/billers?retailerId=cedc0064-0c9e-445e-9649-d344d6fe094d&storeId=JOHN-S-STORE 200 - 4ms - IP: ::1
[2026-08-31T13:47:22.895Z] [AUDIT] Action invoked on route: [GET] /api/billers/requests
[2026-08-31T13:47:22.896Z] [GET] /api/billers/requests 200 - 1ms - IP: ::1
[2026-08-31T13:47:22.920Z] [GET] /api/returns?retailerId=cedc0064-0c9e-445e-9649-d344d6fe094d&storeId=JOHN-S-STORE 304 - 2ms - IP: ::1
[2026-08-31T13:47:22.925Z] [GET] /api/products?retailerId=cedc0064-0c9e-445e-9649-d344d6fe094d&storeId=JOHN-S-STORE 304 - 3ms - IP: ::1
[2026-08-31T13:47:23.299Z] [GET] /api/users/cedc0064-0c9e-445e-9649-d344d6fe094d 304 - 4ms - IP: ::1
[2026-08-31T13:47:23.303Z] [GET] /api/customers?retailerId=cedc0064-0c9e-445e-9649-d344d6fe094d&storeId=JOHN-S-STORE 304 - 1ms - IP: ::1
[2026-08-31T13:47:23.311Z] [GET] /api/returns?retailerId=cedc0064-0c9e-445e-9649-d344d6fe094d&storeId=JOHN-S-STORE 304 - 1ms - IP: ::1
[2026-08-31T13:47:23.316Z] [GET] /api/products?retailerId=cedc0064-0c9e-445e-9649-d344d6fe094d&storeId=JOHN-S-STORE 304 - 3ms - IP: ::1
[2026-08-31T13:47:23.647Z] [GET] /api/users/cedc0064-0c9e-445e-9649-d344d6fe094d 304 - 3ms - IP: ::1
[2026-08-31T13:47:23.650Z] [SUPPLIER-ROUTER-MIDDLEWARE] [GET] /api/suppliers | Client: Mozilla/5.0 (Windows NT 10.0; Win64; x64) AppleWebKit/537.36 (KHTML, like Gecko) Chrome/151.0.0.0 Safari/537.36
[2026-08-31T13:47:23.653Z] [GET] /api/suppliers 304 - 3ms - IP: ::1
[2026-08-31T13:47:23.673Z] [GET] /api/returns?retailerId=cedc0064-0c9e-445e-9649-d344d6fe094d&storeId=JOHN-S-STORE 304 - 0ms - IP: ::1
[2026-08-31T13:47:23.675Z] [GET] /api/products?retailerId=cedc0064-0c9e-445e-9649-d344d6fe094d&storeId=JOHN-S-STORE 304 - 0ms - IP: ::1
[2026-08-31T13:47:24.082Z] [GET] /api/users/cedc0064-0c9e-445e-9649-d344d6fe094d 304 - 2ms - IP: ::1
[2026-08-31T13:47:24.086Z] [GET] /api/products?retailerId=cedc0064-0c9e-445e-9649-d344d6fe094d&storeId=JOHN-S-STORE 304 - 3ms - IP: ::1
[2026-08-31T13:47:24.091Z] [SUPPLIER-ROUTER-MIDDLEWARE] [GET] /api/suppliers | Client: Mozilla/5.0 (Windows NT 10.0; Win64; x64) AppleWebKit/537.36 (KHTML, like Gecko) Chrome/151.0.0.0 Safari/537.36
[2026-08-31T13:47:24.094Z] [GET] /api/suppliers 304 - 3ms - IP: ::1
[2026-08-31T13:47:24.088Z] [AUDIT] Action invoked on route: [GET] /api/transactions?retailerId=cedc0064-0c9e-445e-9649-d344d6fe094d&storeId=JOHN-S-STORE
[2026-08-31T13:47:24.090Z] [GET] /api/transactions?retailerId=cedc0064-0c9e-445e-9649-d344d6fe094d&storeId=JOHN-S-STORE 304 - 2ms - IP: ::1
[2026-08-31T13:47:24.122Z] [GET] /api/returns?retailerId=cedc0064-0c9e-445e-9649-d344d6fe094d&storeId=JOHN-S-STORE 304 - 2ms - IP: ::1
[2026-08-31T13:47:24.126Z] [GET] /api/products?retailerId=cedc0064-0c9e-445e-9649-d344d6fe094d&storeId=JOHN-S-STORE 304 - 2ms - IP: ::1
[2026-08-31T13:47:24.572Z] [GET] /api/users/cedc0064-0c9e-445e-9649-d344d6fe094d 304 - 3ms - IP: ::1
[2026-08-31T13:47:24.578Z] [GET] /api/returns?retailerId=cedc0064-0c9e-445e-9649-d344d6fe094d&storeId=JOHN-S-STORE 304 - 3ms - IP: ::1
[2026-08-31T13:47:24.584Z] [GET] /api/products?retailerId=cedc0064-0c9e-445e-9649-d344d6fe094d&storeId=JOHN-S-STORE 304 - 4ms - IP: ::1
[2026-08-31T13:47:24.589Z] [GET] /api/returns?retailerId=cedc0064-0c9e-445e-9649-d344d6fe094d&storeId=JOHN-S-STORE 304 - 3ms - IP: ::1
[2026-08-31T13:47:25.078Z] [GET] /api/users/cedc0064-0c9e-445e-9649-d344d6fe094d 304 - 4ms - IP: ::1
[2026-08-31T13:47:25.081Z] [SUPPLIER-ROUTER-MIDDLEWARE] [GET] /api/suppliers | Client: Mozilla/5.0 (Windows NT 10.0; Win64; x64) AppleWebKit/537.36 (KHTML, like Gecko) Chrome/151.0.0.0 Safari/537.36
[2026-08-31T13:47:25.084Z] [GET] /api/suppliers 304 - 3ms - IP: ::1
[2026-08-31T13:47:25.087Z] [GET] /api/returns?retailerId=cedc0064-0c9e-445e-9649-d344d6fe094d&storeId=JOHN-S-STORE 304 - 1ms - IP: ::1
[2026-08-31T13:47:25.093Z] [GET] /api/products?retailerId=cedc0064-0c9e-445e-9649-d344d6fe094d&storeId=JOHN-S-STORE 304 - 3ms - IP: ::1
[2026-08-31T13:47:25.108Z] [GET] /api/purchase-orders?retailerId=cedc0064-0c9e-445e-9649-d344d6fe094d&storeId=JOHN-S-STORE 304 - 1ms - IP: ::1
[2026-08-31T13:47:26.132Z] [GET] /api/users/cedc0064-0c9e-445e-9649-d344d6fe094d 304 - 2ms - IP: ::1
[2026-08-31T13:47:26.134Z] [GET] /api/returns?retailerId=cedc0064-0c9e-445e-9649-d344d6fe094d&storeId=JOHN-S-STORE 304 - 1ms - IP: ::1
[2026-08-31T13:47:26.138Z] [GET] /api/returns?retailerId=cedc0064-0c9e-445e-9649-d344d6fe094d&storeId=JOHN-S-STORE 304 - 2ms - IP: ::1
[2026-08-31T13:47:26.142Z] [GET] /api/products?retailerId=cedc0064-0c9e-445e-9649-d344d6fe094d&storeId=JOHN-S-STORE 304 - 2ms - IP: ::1
[2026-08-31T13:47:41.475Z] [PATCH] /api/users/cedc0064-0c9e-445e-9649-d344d6fe094d 400 - 7ms - IP: ::1
[2026-08-31T13:47:49.659Z] [POST] /api/users/login 201 - 2ms - IP: ::1
[2026-08-31T13:47:49.836Z] [GET] /api/admin/dashboard/stats 200 - 89ms - IP: ::1
[2026-08-31T13:47:49.893Z] [AUDIT] Action invoked on route: [GET] /api/transactions?limit=5
[2026-08-31T13:47:49.896Z] [GET] /api/transactions?limit=5 200 - 3ms - IP: ::1
[2026-08-31T13:47:52.164Z] [GET] /api/stores 200 - 0ms - IP: ::1
[2026-08-31T13:47:53.594Z] [GET] /api/platform-revenue/summary 304 - 1ms - IP: ::1
[2026-08-31T13:47:55.792Z] [GET] /api/admin/users 304 - 33ms - IP: ::1
[2026-08-31T13:48:13.549Z] [POST] /api/users/login 201 - 2ms - IP: ::1
[2026-08-31T13:48:13.593Z] [GET] /api/users/cedc0064-0c9e-445e-9649-d344d6fe094d 304 - 2ms - IP: ::1
[2026-08-31T13:48:13.597Z] [GET] /api/users/cedc0064-0c9e-445e-9649-d344d6fe094d 304 - 3ms - IP: ::1
[2026-08-31T13:48:13.601Z] [GET] /api/users/cedc0064-0c9e-445e-9649-d344d6fe094d 304 - 3ms - IP: ::1
[2026-08-31T13:48:13.664Z] [GET] /api/returns?retailerId=cedc0064-0c9e-445e-9649-d344d6fe094d&storeId=JOHN-S-STORE 304 - 2ms - IP: ::1
[2026-08-31T13:48:13.667Z] [GET] /api/products?retailerId=cedc0064-0c9e-445e-9649-d344d6fe094d&storeId=JOHN-S-STORE 304 - 1ms - IP: ::1
[2026-08-31T13:48:13.673Z] [GET] /api/customers?retailerId=cedc0064-0c9e-445e-9649-d344d6fe094d&storeId=JOHN-S-STORE 304 - 0ms - IP: ::1
[2026-08-31T13:48:13.674Z] [AUDIT] Action invoked on route: [GET] /api/transactions?retailerId=cedc0064-0c9e-445e-9649-d344d6fe094d&storeId=JOHN-S-STORE
[2026-08-31T13:48:13.677Z] [GET] /api/transactions?retailerId=cedc0064-0c9e-445e-9649-d344d6fe094d&storeId=JOHN-S-STORE 304 - 3ms - IP: ::1
[2026-08-31T13:48:13.680Z] [GET] /api/returns?retailerId=cedc0064-0c9e-445e-9649-d344d6fe094d&storeId=JOHN-S-STORE 304 - 1ms - IP: ::1
[2026-08-31T13:48:13.690Z] [GET] /api/products?retailerId=cedc0064-0c9e-445e-9649-d344d6fe094d&storeId=JOHN-S-STORE 304 - 8ms - IP: ::1
[2026-08-31T13:48:13.697Z] [GET] /api/purchase-orders?retailerId=cedc0064-0c9e-445e-9649-d344d6fe094d&storeId=JOHN-S-STORE 304 - 1ms - IP: ::1
[2026-08-31T13:48:13.701Z] [SUPPLIER-ROUTER-MIDDLEWARE] [GET] /api/suppliers | Client: Mozilla/5.0 (Windows NT 10.0; Win64; x64) AppleWebKit/537.36 (KHTML, like Gecko) Chrome/151.0.0.0 Safari/537.36
[2026-08-31T13:48:13.703Z] [GET] /api/suppliers 304 - 2ms - IP: ::1
[2026-08-31T13:52:53.584Z] [GET] /api/users 200 - 14ms - IP: ::1
[2026-08-31T13:56:18.964Z] [POST] /api/users/login 201 - 22ms - IP: ::1
[2026-08-31T13:56:22.770Z] [POST] /api/users/login 201 - 8ms - IP: ::1
[2026-08-31T13:56:26.519Z] [PATCH] /api/users/u-retailer-john 409 - 5ms - IP: ::1
[2026-08-31T13:57:54.296Z] [PATCH] /api/users/u-retailer-john 404 - 6ms - IP: ::1
[2026-08-31T13:57:58.477Z] [GET] /api/users?email=john@gmail.com 200 - 3ms - IP: ::1
[2026-08-31T13:58:03.213Z] [GET] /api/users?email=hans@gmail.com 200 - 1ms - IP: ::1
[2026-08-31T13:58:07.182Z] [PATCH] /api/users/cedc0064-0c9e-445e-9649-d344d6fe094d 200 - 5ms - IP: ::1
[2026-08-31T13:58:10.975Z] [POST] /api/users/login 201 - 2ms - IP: ::1
[2026-08-31T13:58:16.568Z] [PATCH] /api/users/0ccceb67-958d-4957-9728-e023994a8e8d 200 - 3ms - IP: ::1
[2026-08-31T13:58:20.975Z] [POST] /api/users/login 201 - 2ms - IP: ::1
[2026-08-31T13:58:25.283Z] [GET] /api/users 200 - 10ms - IP: ::1
[2026-08-31T13:59:04.119Z] [POST] /api/users/login 201 - 4ms - IP: ::1
[2026-08-31T13:59:04.441Z] [GET] /api/users/cedc0064-0c9e-445e-9649-d344d6fe094d 200 - 4ms - IP: ::1
[2026-08-31T13:59:04.449Z] [GET] /api/users/cedc0064-0c9e-445e-9649-d344d6fe094d 304 - 3ms - IP: ::1
[2026-08-31T13:59:04.453Z] [GET] /api/users/cedc0064-0c9e-445e-9649-d344d6fe094d 304 - 1ms - IP: ::1
[2026-08-31T13:59:04.558Z] [GET] /api/returns?retailerId=cedc0064-0c9e-445e-9649-d344d6fe094d&storeId=JOHN-S-STORE 304 - 2ms - IP: ::1
[2026-08-31T13:59:04.564Z] [GET] /api/products?retailerId=cedc0064-0c9e-445e-9649-d344d6fe094d&storeId=JOHN-S-STORE 304 - 5ms - IP: ::1
[2026-08-31T13:59:04.568Z] [AUDIT] Action invoked on route: [GET] /api/transactions?retailerId=cedc0064-0c9e-445e-9649-d344d6fe094d&storeId=JOHN-S-STORE
[2026-08-31T13:59:04.567Z] [GET] /api/customers?retailerId=cedc0064-0c9e-445e-9649-d344d6fe094d&storeId=JOHN-S-STORE 304 - 2ms - IP: ::1
[2026-08-31T13:59:04.569Z] [GET] /api/transactions?retailerId=cedc0064-0c9e-445e-9649-d344d6fe094d&storeId=JOHN-S-STORE 304 - 1ms - IP: ::1
[2026-08-31T13:59:04.572Z] [GET] /api/purchase-orders?retailerId=cedc0064-0c9e-445e-9649-d344d6fe094d&storeId=JOHN-S-STORE 304 - 2ms - IP: ::1
[2026-08-31T13:59:04.575Z] [GET] /api/returns?retailerId=cedc0064-0c9e-445e-9649-d344d6fe094d&storeId=JOHN-S-STORE 304 - 2ms - IP: ::1
[2026-08-31T13:59:04.576Z] [SUPPLIER-ROUTER-MIDDLEWARE] [GET] /api/suppliers | Client: Mozilla/5.0 (Windows NT 10.0; Win64; x64) AppleWebKit/537.36 (KHTML, like Gecko) Chrome/151.0.0.0 Safari/537.36
[2026-08-31T13:59:04.577Z] [GET] /api/suppliers 304 - 2ms - IP: ::1
[2026-08-31T13:59:04.580Z] [GET] /api/products?retailerId=cedc0064-0c9e-445e-9649-d344d6fe094d&storeId=JOHN-S-STORE 304 - 3ms - IP: ::1
[2026-08-31T13:59:21.506Z] [GET] /api/users/cedc0064-0c9e-445e-9649-d344d6fe094d 304 - 0ms - IP: ::1
[2026-08-31T13:59:21.508Z] [GET] /api/users/cedc0064-0c9e-445e-9649-d344d6fe094d 304 - 0ms - IP: ::1
[2026-08-31T13:59:41.348Z] [PATCH] /api/users/cedc0064-0c9e-445e-9649-d344d6fe094d 200 - 3ms - IP: ::1
[2026-08-31T14:00:15.686Z] [PATCH] /api/users/cedc0064-0c9e-445e-9649-d344d6fe094d 200 - 5ms - IP: ::1
[2026-08-31T14:01:06.012Z] [GET] /api/admin/users 200 - 24ms - IP: ::1
[2026-08-31T14:01:37.695Z] [GET] /api/users 200 - 59ms - IP: ::1
[2026-08-31T14:02:38.347Z] [GET] /api/admin/users 304 - 20ms - IP: ::1
[2026-08-31T14:06:55.849Z] [POST] /api/users/login 201 - 2ms - IP: ::1
[2026-08-31T14:06:56.267Z] [GET] /api/users/cedc0064-0c9e-445e-9649-d344d6fe094d 200 - 2ms - IP: ::1
[2026-08-31T14:06:56.270Z] [GET] /api/users/cedc0064-0c9e-445e-9649-d344d6fe094d 304 - 1ms - IP: ::1
[2026-08-31T14:06:56.274Z] [GET] /api/users/cedc0064-0c9e-445e-9649-d344d6fe094d 304 - 1ms - IP: ::1
[2026-08-31T14:06:56.362Z] [GET] /api/returns?retailerId=cedc0064-0c9e-445e-9649-d344d6fe094d&storeId=JOHN-S-STORE 304 - 1ms - IP: ::1
[2026-08-31T14:06:56.374Z] [GET] /api/products?retailerId=cedc0064-0c9e-445e-9649-d344d6fe094d&storeId=JOHN-S-STORE 304 - 1ms - IP: ::1
[2026-08-31T14:06:56.676Z] [GET] /api/products?retailerId=cedc0064-0c9e-445e-9649-d344d6fe094d&storeId=JOHN-S-STORE 304 - 2ms - IP: ::1
[2026-08-31T14:06:56.723Z] [GET] /api/customers?retailerId=cedc0064-0c9e-445e-9649-d344d6fe094d&storeId=JOHN-S-STORE 304 - 1ms - IP: ::1
[2026-08-31T14:06:56.726Z] [AUDIT] Action invoked on route: [GET] /api/transactions?retailerId=cedc0064-0c9e-445e-9649-d344d6fe094d&storeId=JOHN-S-STORE
[2026-08-31T14:06:56.727Z] [GET] /api/transactions?retailerId=cedc0064-0c9e-445e-9649-d344d6fe094d&storeId=JOHN-S-STORE 304 - 1ms - IP: ::1
[2026-08-31T14:06:56.729Z] [GET] /api/purchase-orders?retailerId=cedc0064-0c9e-445e-9649-d344d6fe094d&storeId=JOHN-S-STORE 304 - 1ms - IP: ::1
[2026-08-31T14:06:56.731Z] [GET] /api/returns?retailerId=cedc0064-0c9e-445e-9649-d344d6fe094d&storeId=JOHN-S-STORE 304 - 1ms - IP: ::1
[2026-08-31T14:06:56.733Z] [SUPPLIER-ROUTER-MIDDLEWARE] [GET] /api/suppliers | Client: Mozilla/5.0 (Windows NT 10.0; Win64; x64) AppleWebKit/537.36 (KHTML, like Gecko) Chrome/151.0.0.0 Safari/537.36
[2026-08-31T14:06:56.735Z] [GET] /api/suppliers 304 - 2ms - IP: ::1
[2026-08-31T14:07:05.837Z] [GET] /api/users/cedc0064-0c9e-445e-9649-d344d6fe094d 304 - 2ms - IP: ::1
[2026-08-31T14:07:05.846Z] [GET] /api/users/cedc0064-0c9e-445e-9649-d344d6fe094d 304 - 1ms - IP: ::1
[2026-08-31T14:07:31.262Z] [GET] /api/users/cedc0064-0c9e-445e-9649-d344d6fe094d 304 - 2ms - IP: ::1
[2026-08-31T14:07:38.449Z] [GET] /api/admin/users 304 - 17ms - IP: ::1
[2026-08-31T14:07:54.111Z] [GET] /api/users/0ccceb67-958d-4957-9728-e023994a8e8d 200 - 2ms - IP: ::1
[2026-08-31T14:10:58.018Z] [GET] /api/admin/users 200 - 23ms - IP: ::ffff:127.0.0.1
[2026-08-31T14:11:08.637Z] [POST] /api/users/login 201 - 3ms - IP: ::ffff:127.0.0.1
[2026-08-31T14:11:08.870Z] [GET] /api/users/cedc0064-0c9e-445e-9649-d344d6fe094d 200 - 1ms - IP: ::ffff:127.0.0.1
[2026-08-31T14:11:08.874Z] [GET] /api/users/cedc0064-0c9e-445e-9649-d344d6fe094d 304 - 2ms - IP: ::ffff:127.0.0.1
[2026-08-31T14:11:08.876Z] [GET] /api/users/cedc0064-0c9e-445e-9649-d344d6fe094d 304 - 1ms - IP: ::ffff:127.0.0.1
[2026-08-31T14:11:08.891Z] [GET] /api/returns?retailerId=cedc0064-0c9e-445e-9649-d344d6fe094d&storeId=JOHN-S-STORE 304 - 1ms - IP: ::ffff:127.0.0.1
[2026-08-31T14:11:08.894Z] [GET] /api/products?retailerId=cedc0064-0c9e-445e-9649-d344d6fe094d&storeId=JOHN-S-STORE 200 - 2ms - IP: ::ffff:127.0.0.1
[2026-08-31T14:11:08.897Z] [GET] /api/returns?retailerId=cedc0064-0c9e-445e-9649-d344d6fe094d&storeId=JOHN-S-STORE 304 - 1ms - IP: ::ffff:127.0.0.1
[2026-08-31T14:11:08.903Z] [GET] /api/purchase-orders?retailerId=cedc0064-0c9e-445e-9649-d344d6fe094d&storeId=JOHN-S-STORE 304 - 3ms - IP: ::ffff:127.0.0.1
[2026-08-31T14:11:08.904Z] [GET] /api/customers?retailerId=cedc0064-0c9e-445e-9649-d344d6fe094d&storeId=JOHN-S-STORE 304 - 0ms - IP: ::ffff:127.0.0.1
[2026-08-31T14:11:08.906Z] [AUDIT] Action invoked on route: [GET] /api/transactions?retailerId=cedc0064-0c9e-445e-9649-d344d6fe094d&storeId=JOHN-S-STORE
[2026-08-31T14:11:08.907Z] [GET] /api/transactions?retailerId=cedc0064-0c9e-445e-9649-d344d6fe094d&storeId=JOHN-S-STORE 304 - 2ms - IP: ::ffff:127.0.0.1
[2026-08-31T14:11:08.910Z] [GET] /api/products?retailerId=cedc0064-0c9e-445e-9649-d344d6fe094d&storeId=JOHN-S-STORE 304 - 2ms - IP: ::ffff:127.0.0.1
[2026-08-31T14:11:08.912Z] [SUPPLIER-ROUTER-MIDDLEWARE] [GET] /api/suppliers | Client: Mozilla/5.0 (Windows NT 10.0; Win64; x64) AppleWebKit/537.36 (KHTML, like Gecko) Chrome/151.0.0.0 Safari/537.36
[2026-08-31T14:11:08.914Z] [GET] /api/suppliers 200 - 2ms - IP: ::ffff:127.0.0.1
[2026-08-31T14:11:10.451Z] [GET] /api/users/cedc0064-0c9e-445e-9649-d344d6fe094d 304 - 2ms - IP: ::ffff:127.0.0.1
[2026-08-31T14:11:10.452Z] [GET] /api/users/cedc0064-0c9e-445e-9649-d344d6fe094d 304 - 1ms - IP: ::ffff:127.0.0.1
[2026-08-31T14:51:59.404Z] [POST] /api/users/login 201 - 34ms - IP: ::ffff:127.0.0.1
[2026-08-31T14:51:59.631Z] [GET] /api/users/cedc0064-0c9e-445e-9649-d344d6fe094d 304 - 6ms - IP: ::ffff:127.0.0.1
[2026-08-31T14:51:59.638Z] [GET] /api/users/cedc0064-0c9e-445e-9649-d344d6fe094d 304 - 4ms - IP: ::ffff:127.0.0.1
[2026-08-31T14:51:59.645Z] [GET] /api/users/cedc0064-0c9e-445e-9649-d344d6fe094d 304 - 4ms - IP: ::ffff:127.0.0.1
[2026-08-31T14:51:59.800Z] [GET] /api/products?retailerId=cedc0064-0c9e-445e-9649-d344d6fe094d&storeId=JOHN-S-STORE 304 - 21ms - IP: ::ffff:127.0.0.1
[2026-08-31T14:51:59.810Z] [GET] /api/products?retailerId=cedc0064-0c9e-445e-9649-d344d6fe094d&storeId=JOHN-S-STORE 304 - 6ms - IP: ::ffff:127.0.0.1
[2026-08-31T14:51:59.824Z] [GET] /api/returns?retailerId=cedc0064-0c9e-445e-9649-d344d6fe094d&storeId=JOHN-S-STORE 304 - 10ms - IP: ::ffff:127.0.0.1
[2026-08-31T14:51:59.833Z] [GET] /api/returns?retailerId=cedc0064-0c9e-445e-9649-d344d6fe094d&storeId=JOHN-S-STORE 304 - 3ms - IP: ::ffff:127.0.0.1
[2026-08-31T14:51:59.844Z] [GET] /api/customers?retailerId=cedc0064-0c9e-445e-9649-d344d6fe094d&storeId=JOHN-S-STORE 304 - 4ms - IP: ::ffff:127.0.0.1
[2026-08-31T14:51:59.847Z] [AUDIT] Action invoked on route: [GET] /api/transactions?retailerId=cedc0064-0c9e-445e-9649-d344d6fe094d&storeId=JOHN-S-STORE
[2026-08-31T14:51:59.852Z] [GET] /api/transactions?retailerId=cedc0064-0c9e-445e-9649-d344d6fe094d&storeId=JOHN-S-STORE 304 - 6ms - IP: ::ffff:127.0.0.1
[2026-08-31T14:51:59.857Z] [GET] /api/purchase-orders?retailerId=cedc0064-0c9e-445e-9649-d344d6fe094d&storeId=JOHN-S-STORE 304 - 3ms - IP: ::ffff:127.0.0.1
[2026-08-31T14:51:59.859Z] [SUPPLIER-ROUTER-MIDDLEWARE] [GET] /api/suppliers | Client: Mozilla/5.0 (Windows NT 10.0; Win64; x64) AppleWebKit/537.36 (KHTML, like Gecko) Chrome/151.0.0.0 Safari/537.36
[2026-08-31T14:51:59.863Z] [GET] /api/suppliers 304 - 4ms - IP: ::ffff:127.0.0.1
[2026-08-31T14:52:06.687Z] [GET] /api/products?retailerId=cedc0064-0c9e-445e-9649-d344d6fe094d&storeId=JOHN-S-STORE 304 - 6ms - IP: ::ffff:127.0.0.1
[2026-08-31T14:52:06.705Z] [GET] /api/users/cedc0064-0c9e-445e-9649-d344d6fe094d 304 - 9ms - IP: ::ffff:127.0.0.1
[2026-08-31T14:52:06.713Z] [GET] /api/users/cedc0064-0c9e-445e-9649-d344d6fe094d 304 - 4ms - IP: ::ffff:127.0.0.1
[2026-08-31T14:52:06.765Z] [GET] /api/returns?retailerId=cedc0064-0c9e-445e-9649-d344d6fe094d&storeId=JOHN-S-STORE 304 - 3ms - IP: ::ffff:127.0.0.1
[2026-08-31T14:52:06.774Z] [GET] /api/products?retailerId=cedc0064-0c9e-445e-9649-d344d6fe094d&storeId=JOHN-S-STORE 304 - 4ms - IP: ::ffff:127.0.0.1
[2026-08-31T14:52:09.676Z] [GET] /api/users/cedc0064-0c9e-445e-9649-d344d6fe094d 304 - 4ms - IP: ::ffff:127.0.0.1
[2026-08-31T14:52:09.690Z] [GET] /api/returns?retailerId=cedc0064-0c9e-445e-9649-d344d6fe094d&storeId=JOHN-S-STORE 304 - 8ms - IP: ::ffff:127.0.0.1
[2026-08-31T14:52:09.725Z] [GET] /api/returns?retailerId=cedc0064-0c9e-445e-9649-d344d6fe094d&storeId=JOHN-S-STORE 304 - 2ms - IP: ::ffff:127.0.0.1
[2026-08-31T14:52:09.734Z] [GET] /api/products?retailerId=cedc0064-0c9e-445e-9649-d344d6fe094d&storeId=JOHN-S-STORE 304 - 4ms - IP: ::ffff:127.0.0.1
[2026-08-31T14:52:14.543Z] [GET] /api/users/cedc0064-0c9e-445e-9649-d344d6fe094d 304 - 3ms - IP: ::ffff:127.0.0.1
[2026-08-31T14:52:14.548Z] [GET] /api/products?retailerId=cedc0064-0c9e-445e-9649-d344d6fe094d&storeId=JOHN-S-STORE 304 - 3ms - IP: ::ffff:127.0.0.1
[2026-08-31T14:52:14.580Z] [GET] /api/returns?retailerId=cedc0064-0c9e-445e-9649-d344d6fe094d&storeId=JOHN-S-STORE 304 - 2ms - IP: ::ffff:127.0.0.1
[2026-08-31T14:52:14.587Z] [GET] /api/products?retailerId=cedc0064-0c9e-445e-9649-d344d6fe094d&storeId=JOHN-S-STORE 304 - 4ms - IP: ::ffff:127.0.0.1
[2026-08-31T14:52:14.592Z] [GET] /api/stores?retailerId=cedc0064-0c9e-445e-9649-d344d6fe094d&storeId=JOHN-S-STORE 304 - 2ms - IP: ::ffff:127.0.0.1
[2026-08-31T14:56:09.915Z] [GET] /api/users/cedc0064-0c9e-445e-9649-d344d6fe094d 304 - 4ms - IP: ::ffff:127.0.0.1
[2026-08-31T14:56:09.917Z] [SUPPLIER-ROUTER-MIDDLEWARE] [GET] /api/suppliers | Client: Mozilla/5.0 (Windows NT 10.0; Win64; x64) AppleWebKit/537.36 (KHTML, like Gecko) Chrome/151.0.0.0 Safari/537.36
[2026-08-31T14:56:09.923Z] [GET] /api/suppliers 304 - 6ms - IP: ::ffff:127.0.0.1
[2026-08-31T14:56:10.033Z] [GET] /api/returns?retailerId=cedc0064-0c9e-445e-9649-d344d6fe094d&storeId=JOHN-S-STORE 304 - 2ms - IP: ::ffff:127.0.0.1
[2026-08-31T14:56:10.038Z] [GET] /api/products?retailerId=cedc0064-0c9e-445e-9649-d344d6fe094d&storeId=JOHN-S-STORE 304 - 3ms - IP: ::ffff:127.0.0.1
[2026-08-31T14:56:10.043Z] [GET] /api/purchase-orders?retailerId=cedc0064-0c9e-445e-9649-d344d6fe094d&storeId=JOHN-S-STORE 304 - 2ms - IP: ::ffff:127.0.0.1
[2026-08-31T14:56:10.542Z] [GET] /api/users/cedc0064-0c9e-445e-9649-d344d6fe094d 304 - 5ms - IP: ::ffff:127.0.0.1
[2026-08-31T14:56:10.545Z] [GET] /api/returns?retailerId=cedc0064-0c9e-445e-9649-d344d6fe094d&storeId=JOHN-S-STORE 304 - 1ms - IP: ::ffff:127.0.0.1
[2026-08-31T14:56:10.613Z] [GET] /api/returns?retailerId=cedc0064-0c9e-445e-9649-d344d6fe094d&storeId=JOHN-S-STORE 304 - 2ms - IP: ::ffff:127.0.0.1
[2026-08-31T14:56:10.620Z] [GET] /api/products?retailerId=cedc0064-0c9e-445e-9649-d344d6fe094d&storeId=JOHN-S-STORE 304 - 5ms - IP: ::ffff:127.0.0.1
[2026-08-31T14:56:13.324Z] [GET] /api/users/cedc0064-0c9e-445e-9649-d344d6fe094d 304 - 6ms - IP: ::ffff:127.0.0.1
[2026-08-31T14:56:13.327Z] [SUPPLIER-ROUTER-MIDDLEWARE] [GET] /api/suppliers | Client: Mozilla/5.0 (Windows NT 10.0; Win64; x64) AppleWebKit/537.36 (KHTML, like Gecko) Chrome/151.0.0.0 Safari/537.36
[2026-08-31T14:56:13.331Z] [GET] /api/suppliers 304 - 5ms - IP: ::ffff:127.0.0.1
[2026-08-31T14:56:13.371Z] [GET] /api/returns?retailerId=cedc0064-0c9e-445e-9649-d344d6fe094d&storeId=JOHN-S-STORE 304 - 2ms - IP: ::ffff:127.0.0.1
[2026-08-31T14:56:13.376Z] [GET] /api/products?retailerId=cedc0064-0c9e-445e-9649-d344d6fe094d&storeId=JOHN-S-STORE 304 - 3ms - IP: ::ffff:127.0.0.1
[2026-08-31T14:56:14.400Z] [GET] /api/users/cedc0064-0c9e-445e-9649-d344d6fe094d 304 - 5ms - IP: ::ffff:127.0.0.1
[2026-08-31T14:56:14.407Z] [AUDIT] Action invoked on route: [GET] /api/billers?retailerId=cedc0064-0c9e-445e-9649-d344d6fe094d&storeId=JOHN-S-STORE
[2026-08-31T14:56:14.412Z] [GET] /api/billers?retailerId=cedc0064-0c9e-445e-9649-d344d6fe094d&storeId=JOHN-S-STORE 304 - 5ms - IP: ::ffff:127.0.0.1
[2026-08-31T14:56:14.414Z] [AUDIT] Action invoked on route: [GET] /api/billers/requests
[2026-08-31T14:56:14.419Z] [GET] /api/billers/requests 304 - 5ms - IP: ::ffff:127.0.0.1
[2026-08-31T14:56:14.461Z] [GET] /api/returns?retailerId=cedc0064-0c9e-445e-9649-d344d6fe094d&storeId=JOHN-S-STORE 304 - 1ms - IP: ::ffff:127.0.0.1
[2026-08-31T14:56:14.471Z] [GET] /api/products?retailerId=cedc0064-0c9e-445e-9649-d344d6fe094d&storeId=JOHN-S-STORE 304 - 6ms - IP: ::ffff:127.0.0.1
[2026-08-31T14:56:15.778Z] [GET] /api/users/cedc0064-0c9e-445e-9649-d344d6fe094d 304 - 4ms - IP: ::ffff:127.0.0.1
[2026-08-31T14:56:15.781Z] [SUPPLIER-ROUTER-MIDDLEWARE] [GET] /api/suppliers | Client: Mozilla/5.0 (Windows NT 10.0; Win64; x64) AppleWebKit/537.36 (KHTML, like Gecko) Chrome/151.0.0.0 Safari/537.36
[2026-08-31T14:56:15.784Z] [GET] /api/suppliers 304 - 3ms - IP: ::ffff:127.0.0.1
[2026-08-31T14:56:15.834Z] [GET] /api/returns?retailerId=cedc0064-0c9e-445e-9649-d344d6fe094d&storeId=JOHN-S-STORE 304 - 3ms - IP: ::ffff:127.0.0.1
[2026-08-31T14:56:15.839Z] [GET] /api/products?retailerId=cedc0064-0c9e-445e-9649-d344d6fe094d&storeId=JOHN-S-STORE 304 - 3ms - IP: ::ffff:127.0.0.1
[2026-08-31T14:56:17.731Z] [GET] /api/users/cedc0064-0c9e-445e-9649-d344d6fe094d 304 - 4ms - IP: ::ffff:127.0.0.1
[2026-08-31T14:56:17.744Z] [GET] /api/returns?retailerId=cedc0064-0c9e-445e-9649-d344d6fe094d&storeId=JOHN-S-STORE 304 - 4ms - IP: ::ffff:127.0.0.1
[2026-08-31T14:56:17.784Z] [GET] /api/returns?retailerId=cedc0064-0c9e-445e-9649-d344d6fe094d&storeId=JOHN-S-STORE 304 - 1ms - IP: ::ffff:127.0.0.1
[2026-08-31T14:56:17.788Z] [GET] /api/products?retailerId=cedc0064-0c9e-445e-9649-d344d6fe094d&storeId=JOHN-S-STORE 304 - 2ms - IP: ::ffff:127.0.0.1
[2026-08-31T14:56:20.818Z] [GET] /api/users/cedc0064-0c9e-445e-9649-d344d6fe094d 304 - 3ms - IP: ::ffff:127.0.0.1
[2026-08-31T14:56:20.824Z] [GET] /api/users/cedc0064-0c9e-445e-9649-d344d6fe094d 304 - 3ms - IP: ::ffff:127.0.0.1
[2026-08-31T14:56:20.831Z] [GET] /api/users/cedc0064-0c9e-445e-9649-d344d6fe094d 304 - 5ms - IP: ::ffff:127.0.0.1
[2026-08-31T14:56:20.983Z] [GET] /api/returns?retailerId=cedc0064-0c9e-445e-9649-d344d6fe094d&storeId=JOHN-S-STORE 304 - 1ms - IP: ::ffff:127.0.0.1
[2026-08-31T14:56:20.989Z] [GET] /api/products?retailerId=cedc0064-0c9e-445e-9649-d344d6fe094d&storeId=JOHN-S-STORE 304 - 4ms - IP: ::ffff:127.0.0.1
[2026-08-31T14:56:21.011Z] [GET] /api/products?retailerId=cedc0064-0c9e-445e-9649-d344d6fe094d&storeId=JOHN-S-STORE 304 - 4ms - IP: ::ffff:127.0.0.1
[2026-08-31T14:56:21.015Z] [GET] /api/customers?retailerId=cedc0064-0c9e-445e-9649-d344d6fe094d&storeId=JOHN-S-STORE 304 - 1ms - IP: ::ffff:127.0.0.1
[2026-08-31T14:56:21.022Z] [GET] /api/transactions?retailerId=cedc0064-0c9e-445e-9649-d344d6fe094d&storeId=JOHN-S-STORE 304 - 3ms - IP: ::ffff:127.0.0.1
[2026-08-31T14:56:21.026Z] [GET] /api/purchase-orders?retailerId=cedc0064-0c9e-445e-9649-d344d6fe094d&storeId=JOHN-S-STORE 304 - 2ms - IP: ::ffff:127.0.0.1
[2026-08-31T14:56:21.030Z] [GET] /api/returns?retailerId=cedc0064-0c9e-445e-9649-d344d6fe094d&storeId=JOHN-S-STORE 304 - 3ms - IP: ::ffff:127.0.0.1
[2026-08-31T14:56:21.033Z] [SUPPLIER-ROUTER-MIDDLEWARE] [GET] /api/suppliers | Client: Mozilla/5.0 (Windows NT 10.0; Win64; x64) AppleWebKit/537.36 (KHTML, like Gecko) Chrome/151.0.0.0 Safari/537.36
[2026-08-31T14:56:21.035Z] [GET] /api/suppliers 304 - 2ms - IP: ::ffff:127.0.0.1
[2026-08-31T14:56:21.019Z] [AUDIT] Action invoked on route: [GET] /api/transactions?retailerId=cedc0064-0c9e-445e-9649-d344d6fe094d&storeId=JOHN-S-STORE
[2026-08-31T14:58:59.415Z] [POST] /api/users/login 201 - 10ms - IP: ::ffff:127.0.0.1
[2026-08-31T14:58:59.496Z] [SUPPLIER-ROUTER-MIDDLEWARE] [GET] /api/suppliers/0ccceb67-958d-4957-9728-e023994a8e8d | Client: Mozilla/5.0 (Windows NT 10.0; Win64; x64) AppleWebKit/537.36 (KHTML, like Gecko) Chrome/151.0.0.0 Safari/537.36
[2026-08-31T14:58:59.500Z] [GET] /api/suppliers/0ccceb67-958d-4957-9728-e023994a8e8d 200 - 4ms - IP: ::ffff:127.0.0.1
[2026-08-31T14:58:59.638Z] [GET] /api/retailers 304 - 2ms - IP: ::ffff:127.0.0.1
[2026-08-31T14:58:59.658Z] [GET] /api/purchase-orders 304 - 2ms - IP: ::ffff:127.0.0.1
[2026-08-31T14:58:59.683Z] [SUPPLIER-ROUTER-MIDDLEWARE] [GET] /api/suppliers/0ccceb67-958d-4957-9728-e023994a8e8d/documents | Client: Mozilla/5.0 (Windows NT 10.0; Win64; x64) AppleWebKit/537.36 (KHTML, like Gecko) Chrome/151.0.0.0 Safari/537.36
[2026-08-31T14:58:59.685Z] [GET] /api/suppliers/0ccceb67-958d-4957-9728-e023994a8e8d/documents 304 - 2ms - IP: ::ffff:127.0.0.1
[2026-08-31T15:00:34.774Z] [GET] /api/users 200 - 46ms - IP: ::1
[2026-08-31T15:00:41.729Z] [GET] /api 404 - 96ms - IP: ::1
[2026-08-31T15:00:56.953Z] [POST] /api/users/login 201 - 6ms - IP: ::1
[2026-08-31T15:00:57.280Z] [GET] /api/users/cedc0064-0c9e-445e-9649-d344d6fe094d 200 - 5ms - IP: ::1
[2026-08-31T15:00:57.291Z] [GET] /api/users/cedc0064-0c9e-445e-9649-d344d6fe094d 304 - 5ms - IP: ::1
[2026-08-31T15:00:57.299Z] [GET] /api/users/cedc0064-0c9e-445e-9649-d344d6fe094d 304 - 5ms - IP: ::1
[2026-08-31T15:00:57.304Z] [GET] /api/returns?retailerId=cedc0064-0c9e-445e-9649-d344d6fe094d&storeId=JOHN-S-STORE 304 - 2ms - IP: ::1
[2026-08-31T15:00:57.312Z] [GET] /api/products?retailerId=cedc0064-0c9e-445e-9649-d344d6fe094d&storeId=JOHN-S-STORE 200 - 5ms - IP: ::1
[2026-08-31T15:00:57.375Z] [GET] /api/products?retailerId=cedc0064-0c9e-445e-9649-d344d6fe094d&storeId=JOHN-S-STORE 304 - 3ms - IP: ::1
[2026-08-31T15:00:57.377Z] [AUDIT] Action invoked on route: [GET] /api/transactions?retailerId=cedc0064-0c9e-445e-9649-d344d6fe094d&storeId=JOHN-S-STORE
[2026-08-31T15:00:57.381Z] [GET] /api/transactions?retailerId=cedc0064-0c9e-445e-9649-d344d6fe094d&storeId=JOHN-S-STORE 200 - 4ms - IP: ::1
[2026-08-31T15:00:57.386Z] [GET] /api/purchase-orders?retailerId=cedc0064-0c9e-445e-9649-d344d6fe094d&storeId=JOHN-S-STORE 304 - 2ms - IP: ::1
[2026-08-31T15:00:57.391Z] [GET] /api/returns?retailerId=cedc0064-0c9e-445e-9649-d344d6fe094d&storeId=JOHN-S-STORE 304 - 2ms - IP: ::1
[2026-08-31T15:00:57.395Z] [GET] /api/customers?retailerId=cedc0064-0c9e-445e-9649-d344d6fe094d&storeId=JOHN-S-STORE 200 - 2ms - IP: ::1
[2026-08-31T15:00:57.397Z] [SUPPLIER-ROUTER-MIDDLEWARE] [GET] /api/suppliers | Client: Mozilla/5.0 (Windows NT 10.0; Win64; x64) AppleWebKit/537.36 (KHTML, like Gecko) Chrome/151.0.0.0 Safari/537.36
[2026-08-31T15:00:57.399Z] [GET] /api/suppliers 200 - 2ms - IP: ::1
[2026-08-31T15:00:59.229Z] [GET] /api/users/cedc0064-0c9e-445e-9649-d344d6fe094d 304 - 4ms - IP: ::1
[2026-08-31T15:00:59.232Z] [GET] /api/returns?retailerId=cedc0064-0c9e-445e-9649-d344d6fe094d&storeId=JOHN-S-STORE 304 - 1ms - IP: ::1
[2026-08-31T15:00:59.259Z] [GET] /api/returns?retailerId=cedc0064-0c9e-445e-9649-d344d6fe094d&storeId=JOHN-S-STORE 304 - 2ms - IP: ::1
[2026-08-31T15:00:59.262Z] [GET] /api/products?retailerId=cedc0064-0c9e-445e-9649-d344d6fe094d&storeId=JOHN-S-STORE 304 - 2ms - IP: ::1
[2026-08-31T15:01:00.941Z] [GET] /api/users/cedc0064-0c9e-445e-9649-d344d6fe094d 304 - 4ms - IP: ::1
[2026-08-31T15:01:01.011Z] [GET] /api/users/cedc0064-0c9e-445e-9649-d344d6fe094d 304 - 4ms - IP: ::1
[2026-08-31T15:01:03.256Z] [GET] /api/users/cedc0064-0c9e-445e-9649-d344d6fe094d 304 - 3ms - IP: ::1
[2026-08-31T15:01:03.261Z] [GET] /api/products?retailerId=cedc0064-0c9e-445e-9649-d344d6fe094d&storeId=JOHN-S-STORE 304 - 3ms - IP: ::1
[2026-08-31T15:01:03.292Z] [GET] /api/returns?retailerId=cedc0064-0c9e-445e-9649-d344d6fe094d&storeId=JOHN-S-STORE 304 - 1ms - IP: ::1
[2026-08-31T15:01:03.297Z] [GET] /api/products?retailerId=cedc0064-0c9e-445e-9649-d344d6fe094d&storeId=JOHN-S-STORE 304 - 3ms - IP: ::1
[2026-08-31T15:01:03.312Z] [GET] /api/stores?retailerId=cedc0064-0c9e-445e-9649-d344d6fe094d&storeId=JOHN-S-STORE 200 - 2ms - IP: ::1
[2026-08-31T15:01:51.819Z] [GET] /api/users/cedc0064-0c9e-445e-9649-d344d6fe094d 304 - 3ms - IP: ::1
[2026-08-31T15:01:51.828Z] [GET] /api/users/cedc0064-0c9e-445e-9649-d344d6fe094d 304 - 4ms - IP: ::1
[2026-08-31T15:05:26.745Z] [GET] /api/users/cedc0064-0c9e-445e-9649-d344d6fe094d 304 - 5ms - IP: ::1
[2026-08-31T15:05:26.753Z] [GET] /api/users/cedc0064-0c9e-445e-9649-d344d6fe094d 304 - 4ms - IP: ::1
[2026-08-31T15:05:26.758Z] [GET] /api/users/cedc0064-0c9e-445e-9649-d344d6fe094d 304 - 4ms - IP: ::1
[2026-08-31T15:05:26.805Z] [GET] /api/products?retailerId=cedc0064-0c9e-445e-9649-d344d6fe094d&storeId=JOHN-S-STORE 304 - 3ms - IP: ::1
[2026-08-31T15:05:26.806Z] [AUDIT] Action invoked on route: [GET] /api/transactions?retailerId=cedc0064-0c9e-445e-9649-d344d6fe094d&storeId=JOHN-S-STORE
[2026-08-31T15:05:26.809Z] [GET] /api/transactions?retailerId=cedc0064-0c9e-445e-9649-d344d6fe094d&storeId=JOHN-S-STORE 304 - 3ms - IP: ::1
[2026-08-31T15:05:26.812Z] [GET] /api/returns?retailerId=cedc0064-0c9e-445e-9649-d344d6fe094d&storeId=JOHN-S-STORE 304 - 1ms - IP: ::1
[2026-08-31T15:05:26.817Z] [GET] /api/returns?retailerId=cedc0064-0c9e-445e-9649-d344d6fe094d&storeId=JOHN-S-STORE 304 - 2ms - IP: ::1
[2026-08-31T15:05:26.821Z] [GET] /api/customers?retailerId=cedc0064-0c9e-445e-9649-d344d6fe094d&storeId=JOHN-S-STORE 304 - 2ms - IP: ::1
[2026-08-31T15:05:26.825Z] [GET] /api/products?retailerId=cedc0064-0c9e-445e-9649-d344d6fe094d&storeId=JOHN-S-STORE 304 - 3ms - IP: ::1
[2026-08-31T15:05:26.828Z] [GET] /api/purchase-orders?retailerId=cedc0064-0c9e-445e-9649-d344d6fe094d&storeId=JOHN-S-STORE 304 - 1ms - IP: ::1
[2026-08-31T15:05:26.830Z] [SUPPLIER-ROUTER-MIDDLEWARE] [GET] /api/suppliers | Client: Mozilla/5.0 (Windows NT 10.0; Win64; x64) AppleWebKit/537.36 (KHTML, like Gecko) Chrome/151.0.0.0 Safari/537.36
[2026-08-31T15:05:26.833Z] [GET] /api/suppliers 304 - 3ms - IP: ::1
[2026-08-31T15:05:52.040Z] [GET] /api/users/cedc0064-0c9e-445e-9649-d344d6fe094d 304 - 3ms - IP: ::1
[2026-08-31T15:05:52.043Z] [GET] /api/returns?retailerId=cedc0064-0c9e-445e-9649-d344d6fe094d&storeId=JOHN-S-STORE 304 - 1ms - IP: ::1
[2026-08-31T15:05:52.072Z] [GET] /api/returns?retailerId=cedc0064-0c9e-445e-9649-d344d6fe094d&storeId=JOHN-S-STORE 304 - 1ms - IP: ::1
[2026-08-31T15:05:52.077Z] [GET] /api/products?retailerId=cedc0064-0c9e-445e-9649-d344d6fe094d&storeId=JOHN-S-STORE 304 - 3ms - IP: ::1
[2026-08-31T15:05:53.572Z] [GET] /api/users/cedc0064-0c9e-445e-9649-d344d6fe094d 304 - 3ms - IP: ::1
[2026-08-31T15:05:53.628Z] [GET] /api/users/cedc0064-0c9e-445e-9649-d344d6fe094d 304 - 3ms - IP: ::1
[2026-08-31T15:10:17.595Z] [GET] /api/users/cedc0064-0c9e-445e-9649-d344d6fe094d 304 - 3ms - IP: ::1
[2026-08-31T15:10:17.600Z] [GET] /api/products?retailerId=cedc0064-0c9e-445e-9649-d344d6fe094d&storeId=JOHN-S-STORE 304 - 2ms - IP: ::1
[2026-08-31T15:10:17.714Z] [GET] /api/returns?retailerId=cedc0064-0c9e-445e-9649-d344d6fe094d&storeId=JOHN-S-STORE 304 - 1ms - IP: ::1
[2026-08-31T15:10:17.719Z] [GET] /api/products?retailerId=cedc0064-0c9e-445e-9649-d344d6fe094d&storeId=JOHN-S-STORE 304 - 3ms - IP: ::1
[2026-08-31T15:10:17.723Z] [GET] /api/stores?retailerId=cedc0064-0c9e-445e-9649-d344d6fe094d&storeId=JOHN-S-STORE 304 - 1ms - IP: ::1
[2026-08-31T15:10:27.068Z] [GET] /api/users/cedc0064-0c9e-445e-9649-d344d6fe094d 304 - 2ms - IP: ::1
[2026-08-31T15:10:27.072Z] [GET] /api/users/cedc0064-0c9e-445e-9649-d344d6fe094d 304 - 2ms - IP: ::1
[2026-08-31T15:10:27.076Z] [GET] /api/users/cedc0064-0c9e-445e-9649-d344d6fe094d 304 - 2ms - IP: ::1
[2026-08-31T15:10:27.097Z] [GET] /api/returns?retailerId=cedc0064-0c9e-445e-9649-d344d6fe094d&storeId=JOHN-S-STORE 304 - 2ms - IP: ::1
[2026-08-31T15:10:27.103Z] [GET] /api/products?retailerId=cedc0064-0c9e-445e-9649-d344d6fe094d&storeId=JOHN-S-STORE 304 - 3ms - IP: ::1
[2026-08-31T15:10:27.108Z] [GET] /api/customers?retailerId=cedc0064-0c9e-445e-9649-d344d6fe094d&storeId=JOHN-S-STORE 304 - 2ms - IP: ::1
[2026-08-31T15:10:27.113Z] [GET] /api/products?retailerId=cedc0064-0c9e-445e-9649-d344d6fe094d&storeId=JOHN-S-STORE 304 - 3ms - IP: ::1
[2026-08-31T15:10:27.117Z] [GET] /api/returns?retailerId=cedc0064-0c9e-445e-9649-d344d6fe094d&storeId=JOHN-S-STORE 304 - 2ms - IP: ::1
[2026-08-31T15:10:27.131Z] [GET] /api/purchase-orders?retailerId=cedc0064-0c9e-445e-9649-d344d6fe094d&storeId=JOHN-S-STORE 304 - 1ms - IP: ::1
[2026-08-31T15:10:27.125Z] [AUDIT] Action invoked on route: [GET] /api/transactions?retailerId=cedc0064-0c9e-445e-9649-d344d6fe094d&storeId=JOHN-S-STORE
[2026-08-31T15:10:27.128Z] [GET] /api/transactions?retailerId=cedc0064-0c9e-445e-9649-d344d6fe094d&storeId=JOHN-S-STORE 304 - 3ms - IP: ::1
[2026-08-31T15:10:27.133Z] [SUPPLIER-ROUTER-MIDDLEWARE] [GET] /api/suppliers | Client: Mozilla/5.0 (Windows NT 10.0; Win64; x64) AppleWebKit/537.36 (KHTML, like Gecko) Chrome/151.0.0.0 Safari/537.36
[2026-08-31T15:10:27.137Z] [GET] /api/suppliers 304 - 4ms - IP: ::1
[2026-08-31T15:12:51.215Z] [POST] /api/users/login 201 - 4ms - IP: ::1
[2026-08-31T15:12:51.311Z] [SUPPLIER-ROUTER-MIDDLEWARE] [GET] /api/suppliers/0ccceb67-958d-4957-9728-e023994a8e8d | Client: Mozilla/5.0 (Windows NT 10.0; Win64; x64) AppleWebKit/537.36 (KHTML, like Gecko) Chrome/151.0.0.0 Safari/537.36
[2026-08-31T15:12:51.314Z] [GET] /api/suppliers/0ccceb67-958d-4957-9728-e023994a8e8d 200 - 3ms - IP: ::1
[2026-08-31T15:12:51.451Z] [GET] /api/retailers 200 - 1ms - IP: ::1
[2026-08-31T15:12:51.477Z] [GET] /api/purchase-orders 200 - 1ms - IP: ::1
[2026-08-31T15:12:51.495Z] [SUPPLIER-ROUTER-MIDDLEWARE] [GET] /api/suppliers/0ccceb67-958d-4957-9728-e023994a8e8d/documents | Client: Mozilla/5.0 (Windows NT 10.0; Win64; x64) AppleWebKit/537.36 (KHTML, like Gecko) Chrome/151.0.0.0 Safari/537.36
[2026-08-31T15:12:51.497Z] [GET] /api/suppliers/0ccceb67-958d-4957-9728-e023994a8e8d/documents 304 - 2ms - IP: ::1
[2026-08-31T15:13:03.356Z] [SUPPLIER-ROUTER-MIDDLEWARE] [GET] /api/suppliers/0ccceb67-958d-4957-9728-e023994a8e8d/documents | Client: Mozilla/5.0 (Windows NT 10.0; Win64; x64) AppleWebKit/537.36 (KHTML, like Gecko) Chrome/151.0.0.0 Safari/537.36
[2026-08-31T15:13:03.360Z] [GET] /api/suppliers/0ccceb67-958d-4957-9728-e023994a8e8d/documents 304 - 4ms - IP: ::1
[2026-08-31T15:13:08.225Z] [GET] /api/users/0ccceb67-958d-4957-9728-e023994a8e8d 200 - 3ms - IP: ::1
[2026-08-31T15:13:25.027Z] [POST] /api/users/login 201 - 4ms - IP: ::1
[2026-08-31T15:13:25.208Z] [GET] /api/users/cedc0064-0c9e-445e-9649-d344d6fe094d 304 - 3ms - IP: ::1
[2026-08-31T15:13:25.212Z] [GET] /api/users/cedc0064-0c9e-445e-9649-d344d6fe094d 304 - 2ms - IP: ::1
[2026-08-31T15:13:25.216Z] [GET] /api/users/cedc0064-0c9e-445e-9649-d344d6fe094d 304 - 2ms - IP: ::1
[2026-08-31T15:13:25.258Z] [GET] /api/returns?retailerId=cedc0064-0c9e-445e-9649-d344d6fe094d&storeId=JOHN-S-STORE 304 - 2ms - IP: ::1
[2026-08-31T15:13:25.264Z] [GET] /api/products?retailerId=cedc0064-0c9e-445e-9649-d344d6fe094d&storeId=JOHN-S-STORE 304 - 3ms - IP: ::1
[2026-08-31T15:13:25.268Z] [GET] /api/customers?retailerId=cedc0064-0c9e-445e-9649-d344d6fe094d&storeId=JOHN-S-STORE 304 - 1ms - IP: ::1
[2026-08-31T15:13:25.283Z] [GET] /api/products?retailerId=cedc0064-0c9e-445e-9649-d344d6fe094d&storeId=JOHN-S-STORE 304 - 3ms - IP: ::1
[2026-08-31T15:13:25.274Z] [GET] /api/transactions?retailerId=cedc0064-0c9e-445e-9649-d344d6fe094d&storeId=JOHN-S-STORE 304 - 2ms - IP: ::1
[2026-08-31T15:13:25.272Z] [AUDIT] Action invoked on route: [GET] /api/transactions?retailerId=cedc0064-0c9e-445e-9649-d344d6fe094d&storeId=JOHN-S-STORE
[2026-08-31T15:13:25.279Z] [GET] /api/purchase-orders?retailerId=cedc0064-0c9e-445e-9649-d344d6fe094d&storeId=JOHN-S-STORE 304 - 2ms - IP: ::1
[2026-08-31T15:13:25.290Z] [SUPPLIER-ROUTER-MIDDLEWARE] [GET] /api/suppliers | Client: Mozilla/5.0 (Windows NT 10.0; Win64; x64) AppleWebKit/537.36 (KHTML, like Gecko) Chrome/151.0.0.0 Safari/537.36
[2026-08-31T15:13:25.293Z] [GET] /api/suppliers 304 - 3ms - IP: ::1
[2026-08-31T15:13:25.288Z] [GET] /api/returns?retailerId=cedc0064-0c9e-445e-9649-d344d6fe094d&storeId=JOHN-S-STORE 304 - 1ms - IP: ::1
[2026-08-31T15:13:26.996Z] [GET] /api/users/cedc0064-0c9e-445e-9649-d344d6fe094d 304 - 3ms - IP: ::1
[2026-08-31T15:13:27.007Z] [GET] /api/users/cedc0064-0c9e-445e-9649-d344d6fe094d 304 - 5ms - IP: ::1
[2026-08-31T15:13:29.177Z] [GET] /api/users/cedc0064-0c9e-445e-9649-d344d6fe094d 304 - 3ms - IP: ::1
[2026-08-31T15:13:29.209Z] [GET] /api/users/cedc0064-0c9e-445e-9649-d344d6fe094d 304 - 31ms - IP: ::1
[2026-08-31T15:13:29.223Z] [GET] /api/users/cedc0064-0c9e-445e-9649-d344d6fe094d 304 - 3ms - IP: ::1
[2026-08-31T15:13:29.236Z] [GET] /api/returns?retailerId=cedc0064-0c9e-445e-9649-d344d6fe094d&storeId=JOHN-S-STORE 304 - 2ms - IP: ::1
[2026-08-31T15:13:29.251Z] [GET] /api/products?retailerId=cedc0064-0c9e-445e-9649-d344d6fe094d&storeId=JOHN-S-STORE 304 - 13ms - IP: ::1
[2026-08-31T15:13:29.271Z] [GET] /api/customers?retailerId=cedc0064-0c9e-445e-9649-d344d6fe094d&storeId=JOHN-S-STORE 304 - 10ms - IP: ::1
[2026-08-31T15:13:29.295Z] [GET] /api/returns?retailerId=cedc0064-0c9e-445e-9649-d344d6fe094d&storeId=JOHN-S-STORE 304 - 6ms - IP: ::1
[2026-08-31T15:13:29.311Z] [GET] /api/products?retailerId=cedc0064-0c9e-445e-9649-d344d6fe094d&storeId=JOHN-S-STORE 304 - 12ms - IP: ::1
[2026-08-31T15:13:29.315Z] [AUDIT] Action invoked on route: [GET] /api/transactions?retailerId=cedc0064-0c9e-445e-9649-d344d6fe094d&storeId=JOHN-S-STORE
[2026-08-31T15:13:29.321Z] [GET] /api/transactions?retailerId=cedc0064-0c9e-445e-9649-d344d6fe094d&storeId=JOHN-S-STORE 304 - 9ms - IP: ::1
[2026-08-31T15:13:29.326Z] [GET] /api/purchase-orders?retailerId=cedc0064-0c9e-445e-9649-d344d6fe094d&storeId=JOHN-S-STORE 304 - 3ms - IP: ::1
[2026-08-31T15:13:29.339Z] [SUPPLIER-ROUTER-MIDDLEWARE] [GET] /api/suppliers | Client: Mozilla/5.0 (Windows NT 10.0; Win64; x64) AppleWebKit/537.36 (KHTML, like Gecko) Chrome/151.0.0.0 Safari/537.36
[2026-08-31T15:13:29.344Z] [GET] /api/suppliers 304 - 5ms - IP: ::1
[2026-08-31T15:13:41.388Z] [GET] /api/products?retailerId=cedc0064-0c9e-445e-9649-d344d6fe094d&storeId=JOHN-S-STORE 304 - 3ms - IP: ::1
[2026-08-31T15:13:41.395Z] [GET] /api/users/cedc0064-0c9e-445e-9649-d344d6fe094d 304 - 3ms - IP: ::1
[2026-08-31T15:13:41.401Z] [GET] /api/users/cedc0064-0c9e-445e-9649-d344d6fe094d 304 - 3ms - IP: ::1
[2026-08-31T15:13:41.450Z] [GET] /api/returns?retailerId=cedc0064-0c9e-445e-9649-d344d6fe094d&storeId=JOHN-S-STORE 304 - 1ms - IP: ::1
[2026-08-31T15:13:41.455Z] [GET] /api/products?retailerId=cedc0064-0c9e-445e-9649-d344d6fe094d&storeId=JOHN-S-STORE 304 - 2ms - IP: ::1
[2026-08-31T15:13:55.475Z] [POST] /api/users/login 201 - 3ms - IP: ::1
[2026-08-31T15:13:55.572Z] [GET] /api/products 200 - 6ms - IP: ::1
[2026-08-31T15:13:59.163Z] [GET] /api/products 304 - 4ms - IP: ::1
[2026-08-31T15:14:03.092Z] [GET] /api/products 304 - 3ms - IP: ::1
[2026-08-31T15:14:03.139Z] [GET] /api/stores 200 - 2ms - IP: ::1
[2026-08-31T15:14:03.151Z] [AUDIT] Action invoked on route: [GET] /api/transactions?customer=James
[2026-08-31T15:14:03.154Z] [GET] /api/transactions?customer=James 200 - 3ms - IP: ::1
[2026-08-31T15:14:12.364Z] [GET] /api/products 304 - 4ms - IP: ::1
[2026-08-31T15:14:12.407Z] [GET] /api/stores 304 - 1ms - IP: ::1
[2026-08-31T15:14:12.417Z] [AUDIT] Action invoked on route: [GET] /api/transactions?customer=James
[2026-08-31T15:14:12.420Z] [GET] /api/transactions?customer=James 304 - 3ms - IP: ::1
[2026-08-31T15:14:22.719Z] [POST] /api/reservations/requests 201 - 14ms - IP: ::1
[2026-08-31T15:14:22.832Z] [AUDIT] Action invoked on route: [GET] /api/transactions/purchased-products?customer=James
[2026-08-31T15:14:22.844Z] [GET] /api/transactions/purchased-products?customer=James 200 - 12ms - IP: ::1
[2026-08-31T15:14:22.884Z] [GET] /api/reservations/requests?status=pending&customer=James 200 - 2ms - IP: ::1
[2026-08-31T15:14:22.918Z] [GET] /api/products 304 - 13ms - IP: ::1
[2026-08-31T15:14:24.943Z] [AUDIT] Action invoked on route: [GET] /api/transactions/purchased-products?customer=James
[2026-08-31T15:14:24.947Z] [GET] /api/transactions/purchased-products?customer=James 304 - 4ms - IP: ::1
[2026-08-31T15:14:24.954Z] [GET] /api/reservations/requests?status=pending&customer=James 304 - 2ms - IP: ::1
[2026-08-31T15:14:33.602Z] [POST] /api/users/login 201 - 6ms - IP: ::1
[2026-08-31T15:14:33.874Z] [GET] /api/products?retailerId=cedc0064-0c9e-445e-9649-d344d6fe094d&storeId=JOHN-S-STORE 304 - 2ms - IP: ::1
[2026-08-31T15:14:33.880Z] [GET] /api/stores?retailerId=cedc0064-0c9e-445e-9649-d344d6fe094d 304 - 1ms - IP: ::1
[2026-08-31T15:14:33.886Z] [GET] /api/customers?retailerId=cedc0064-0c9e-445e-9649-d344d6fe094d&storeId=JOHN-S-STORE 304 - 3ms - IP: ::1
[2026-08-31T15:14:39.443Z] [GET] /api/stores 304 - 1ms - IP: ::1
[2026-08-31T15:14:46.883Z] [POST] /api/users/login 201 - 22ms - IP: ::1
[2026-08-31T15:14:46.892Z] [AUDIT] Action invoked on route: [GET] /api/billers/requests
[2026-08-31T15:14:46.895Z] [GET] /api/billers/requests 304 - 3ms - IP: ::1
[2026-08-31T15:14:47.005Z] [GET] /api/products?retailerId=cedc0064-0c9e-445e-9649-d344d6fe094d&storeId=JOHN-S-STORE 304 - 3ms - IP: ::1
[2026-08-31T15:14:47.020Z] [GET] /api/stores?retailerId=cedc0064-0c9e-445e-9649-d344d6fe094d 304 - 5ms - IP: ::1
[2026-08-31T15:14:47.027Z] [GET] /api/customers?retailerId=cedc0064-0c9e-445e-9649-d344d6fe094d&storeId=JOHN-S-STORE 304 - 2ms - IP: ::1
[2026-08-31T15:14:56.314Z] [GET] /api/products?retailerId=cedc0064-0c9e-445e-9649-d344d6fe094d&storeId=JOHN-S-STORE 304 - 3ms - IP: ::1
[2026-08-31T15:14:56.322Z] [GET] /api/stores?retailerId=cedc0064-0c9e-445e-9649-d344d6fe094d 304 - 3ms - IP: ::1
[2026-08-31T15:14:56.328Z] [GET] /api/customers?retailerId=cedc0064-0c9e-445e-9649-d344d6fe094d&storeId=JOHN-S-STORE 304 - 3ms - IP: ::1
[2026-08-31T15:14:57.411Z] [GET] /api/products?retailerId=cedc0064-0c9e-445e-9649-d344d6fe094d&storeId=JOHN-S-STORE 304 - 3ms - IP: ::1
[2026-08-31T15:14:57.416Z] [GET] /api/stores?retailerId=cedc0064-0c9e-445e-9649-d344d6fe094d 304 - 2ms - IP: ::1
[2026-08-31T15:14:57.420Z] [GET] /api/customers?retailerId=cedc0064-0c9e-445e-9649-d344d6fe094d&storeId=JOHN-S-STORE 304 - 2ms - IP: ::1
[2026-08-31T15:16:09.558Z] [POST] /api/retailers/cedc0064-0c9e-445e-9649-d344d6fe094d/stores?userPlan=pro 201 - 4ms - IP: ::1
[2026-08-31T15:16:19.563Z] [POST] /api/retailers/cedc0064-0c9e-445e-9649-d344d6fe094d/stores?userPlan=free 400 - 3ms - IP: ::1
[2026-08-31T15:16:28.065Z] [DELETE] /api/retailers/cedc0064-0c9e-445e-9649-d344d6fe094d/stores/EASTERN-BRANCH 204 - 3ms - IP: ::1
[2026-08-31T15:16:53.890Z] [POST] /api/users/login 201 - 22ms - IP: ::1
[2026-08-31T15:16:53.977Z] [GET] /api/users/cedc0064-0c9e-445e-9649-d344d6fe094d 304 - 6ms - IP: ::1
[2026-08-31T15:16:53.985Z] [GET] /api/users/cedc0064-0c9e-445e-9649-d344d6fe094d 304 - 5ms - IP: ::1
[2026-08-31T15:16:53.991Z] [GET] /api/users/cedc0064-0c9e-445e-9649-d344d6fe094d 304 - 4ms - IP: ::1
[2026-08-31T15:16:54.052Z] [GET] /api/returns?retailerId=cedc0064-0c9e-445e-9649-d344d6fe094d&storeId=JOHN-S-STORE 304 - 5ms - IP: ::1
[2026-08-31T15:16:54.062Z] [GET] /api/returns?retailerId=cedc0064-0c9e-445e-9649-d344d6fe094d&storeId=JOHN-S-STORE 304 - 7ms - IP: ::1
[2026-08-31T15:16:54.084Z] [AUDIT] Action invoked on route: [GET] /api/transactions?retailerId=cedc0064-0c9e-445e-9649-d344d6fe094d&storeId=JOHN-S-STORE
[2026-08-31T15:16:54.089Z] [GET] /api/transactions?retailerId=cedc0064-0c9e-445e-9649-d344d6fe094d&storeId=JOHN-S-STORE 304 - 5ms - IP: ::1
[2026-08-31T15:16:54.081Z] [GET] /api/customers?retailerId=cedc0064-0c9e-445e-9649-d344d6fe094d&storeId=JOHN-S-STORE 304 - 3ms - IP: ::1
[2026-08-31T15:16:54.094Z] [GET] /api/purchase-orders?retailerId=cedc0064-0c9e-445e-9649-d344d6fe094d&storeId=JOHN-S-STORE 304 - 3ms - IP: ::1
[2026-08-31T15:16:54.098Z] [SUPPLIER-ROUTER-MIDDLEWARE] [GET] /api/suppliers | Client: Mozilla/5.0 (Windows NT 10.0; Win64; x64) AppleWebKit/537.36 (KHTML, like Gecko) Chrome/151.0.0.0 Safari/537.36
[2026-08-31T15:16:54.109Z] [GET] /api/products?retailerId=cedc0064-0c9e-445e-9649-d344d6fe094d&storeId=JOHN-S-STORE 304 - 5ms - IP: ::1
[2026-08-31T15:16:54.076Z] [GET] /api/products?retailerId=cedc0064-0c9e-445e-9649-d344d6fe094d&storeId=JOHN-S-STORE 304 - 9ms - IP: ::1
[2026-08-31T15:16:54.101Z] [GET] /api/suppliers 304 - 4ms - IP: ::1
[2026-08-31T15:16:56.105Z] [GET] /api/users/cedc0064-0c9e-445e-9649-d344d6fe094d 304 - 8ms - IP: ::1
[2026-08-31T15:16:56.107Z] [SUPPLIER-ROUTER-MIDDLEWARE] [GET] /api/suppliers | Client: Mozilla/5.0 (Windows NT 10.0; Win64; x64) AppleWebKit/537.36 (KHTML, like Gecko) Chrome/151.0.0.0 Safari/537.36
[2026-08-31T15:16:56.110Z] [GET] /api/suppliers 304 - 3ms - IP: ::1
[2026-08-31T15:16:56.196Z] [GET] /api/returns?retailerId=cedc0064-0c9e-445e-9649-d344d6fe094d&storeId=JOHN-S-STORE 304 - 2ms - IP: ::1
[2026-08-31T15:16:56.204Z] [GET] /api/products?retailerId=cedc0064-0c9e-445e-9649-d344d6fe094d&storeId=JOHN-S-STORE 304 - 4ms - IP: ::1
[2026-08-31T15:16:56.209Z] [GET] /api/purchase-orders?retailerId=cedc0064-0c9e-445e-9649-d344d6fe094d&storeId=JOHN-S-STORE 304 - 1ms - IP: ::1
[2026-08-31T15:16:57.549Z] [GET] /api/users/cedc0064-0c9e-445e-9649-d344d6fe094d 304 - 6ms - IP: ::1
[2026-08-31T15:16:57.551Z] [SUPPLIER-ROUTER-MIDDLEWARE] [GET] /api/suppliers | Client: Mozilla/5.0 (Windows NT 10.0; Win64; x64) AppleWebKit/537.36 (KHTML, like Gecko) Chrome/151.0.0.0 Safari/537.36
[2026-08-31T15:16:57.554Z] [GET] /api/suppliers 304 - 3ms - IP: ::1
[2026-08-31T15:16:57.585Z] [GET] /api/returns?retailerId=cedc0064-0c9e-445e-9649-d344d6fe094d&storeId=JOHN-S-STORE 304 - 2ms - IP: ::1
[2026-08-31T15:16:57.589Z] [GET] /api/products?retailerId=cedc0064-0c9e-445e-9649-d344d6fe094d&storeId=JOHN-S-STORE 304 - 3ms - IP: ::1
[2026-08-31T15:16:57.592Z] [GET] /api/purchase-orders?retailerId=cedc0064-0c9e-445e-9649-d344d6fe094d&storeId=JOHN-S-STORE 304 - 1ms - IP: ::1
[2026-08-31T15:16:58.033Z] [GET] /api/users/cedc0064-0c9e-445e-9649-d344d6fe094d 304 - 8ms - IP: ::1
[2026-08-31T15:16:58.039Z] [GET] /api/returns?retailerId=cedc0064-0c9e-445e-9649-d344d6fe094d&storeId=JOHN-S-STORE 304 - 3ms - IP: ::1
[2026-08-31T15:16:58.068Z] [GET] /api/returns?retailerId=cedc0064-0c9e-445e-9649-d344d6fe094d&storeId=JOHN-S-STORE 304 - 2ms - IP: ::1
[2026-08-31T15:16:58.075Z] [GET] /api/products?retailerId=cedc0064-0c9e-445e-9649-d344d6fe094d&storeId=JOHN-S-STORE 304 - 5ms - IP: ::1
[2026-08-31T15:17:01.255Z] [GET] /api/users/cedc0064-0c9e-445e-9649-d344d6fe094d 304 - 6ms - IP: ::1
[2026-08-31T15:17:01.264Z] [GET] /api/products?retailerId=cedc0064-0c9e-445e-9649-d344d6fe094d&storeId=JOHN-S-STORE 304 - 4ms - IP: ::1
[2026-08-31T15:17:01.314Z] [GET] /api/returns?retailerId=cedc0064-0c9e-445e-9649-d344d6fe094d&storeId=JOHN-S-STORE 304 - 2ms - IP: ::1
[2026-08-31T15:17:01.320Z] [GET] /api/products?retailerId=cedc0064-0c9e-445e-9649-d344d6fe094d&storeId=JOHN-S-STORE 304 - 4ms - IP: ::1
[2026-08-31T15:17:01.326Z] [GET] /api/stores?retailerId=cedc0064-0c9e-445e-9649-d344d6fe094d&storeId=JOHN-S-STORE 304 - 3ms - IP: ::1
[2026-08-31T15:17:03.163Z] [GET] /api/users/cedc0064-0c9e-445e-9649-d344d6fe094d 304 - 6ms - IP: ::1
[2026-08-31T15:17:03.174Z] [GET] /api/users/cedc0064-0c9e-445e-9649-d344d6fe094d 304 - 9ms - IP: ::1
[2026-08-31T15:17:05.421Z] [PATCH] /api/users/cedc0064-0c9e-445e-9649-d344d6fe094d 200 - 11ms - IP: ::1
[2026-08-31T15:17:09.918Z] [GET] /api/products?retailerId=cedc0064-0c9e-445e-9649-d344d6fe094d&storeId=JOHN-S-STORE 304 - 4ms - IP: ::1
[2026-08-31T15:17:09.934Z] [GET] /api/users/cedc0064-0c9e-445e-9649-d344d6fe094d 200 - 8ms - IP: ::1
[2026-08-31T15:17:09.960Z] [GET] /api/returns?retailerId=cedc0064-0c9e-445e-9649-d344d6fe094d&storeId=JOHN-S-STORE 304 - 1ms - IP: ::1
[2026-08-31T15:17:09.966Z] [GET] /api/products?retailerId=cedc0064-0c9e-445e-9649-d344d6fe094d&storeId=JOHN-S-STORE 304 - 3ms - IP: ::1
[2026-08-31T15:17:14.433Z] [GET] /api/users/cedc0064-0c9e-445e-9649-d344d6fe094d 304 - 7ms - IP: ::1
[2026-08-31T15:17:14.438Z] [GET] /api/products?retailerId=cedc0064-0c9e-445e-9649-d344d6fe094d&storeId=JOHN-S-STORE 304 - 3ms - IP: ::1
[2026-08-31T15:17:14.499Z] [GET] /api/returns?retailerId=cedc0064-0c9e-445e-9649-d344d6fe094d&storeId=JOHN-S-STORE 304 - 1ms - IP: ::1
[2026-08-31T15:17:14.505Z] [GET] /api/products?retailerId=cedc0064-0c9e-445e-9649-d344d6fe094d&storeId=JOHN-S-STORE 304 - 3ms - IP: ::1
[2026-08-31T15:17:14.508Z] [GET] /api/stores?retailerId=cedc0064-0c9e-445e-9649-d344d6fe094d&storeId=JOHN-S-STORE 304 - 1ms - IP: ::1
[2026-08-31T15:17:18.874Z] [GET] /api/users/cedc0064-0c9e-445e-9649-d344d6fe094d 304 - 7ms - IP: ::1
[2026-08-31T15:17:18.884Z] [GET] /api/users/cedc0064-0c9e-445e-9649-d344d6fe094d 304 - 7ms - IP: ::1
[2026-08-31T15:17:21.853Z] [PATCH] /api/users/cedc0064-0c9e-445e-9649-d344d6fe094d 200 - 38ms - IP: ::1
[2026-08-31T15:17:27.327Z] [GET] /api/users/cedc0064-0c9e-445e-9649-d344d6fe094d 200 - 6ms - IP: ::1
[2026-08-31T15:17:27.333Z] [GET] /api/products?retailerId=cedc0064-0c9e-445e-9649-d344d6fe094d&storeId=JOHN-S-STORE 304 - 3ms - IP: ::1
[2026-08-31T15:17:27.370Z] [GET] /api/returns?retailerId=cedc0064-0c9e-445e-9649-d344d6fe094d&storeId=JOHN-S-STORE 304 - 2ms - IP: ::1
[2026-08-31T15:17:27.374Z] [GET] /api/products?retailerId=cedc0064-0c9e-445e-9649-d344d6fe094d&storeId=JOHN-S-STORE 304 - 2ms - IP: ::1
[2026-08-31T15:17:27.378Z] [GET] /api/stores?retailerId=cedc0064-0c9e-445e-9649-d344d6fe094d&storeId=JOHN-S-STORE 304 - 2ms - IP: ::1
[2026-08-31T15:17:57.555Z] [POST] /api/users/login 201 - 10ms - IP: ::1
[2026-08-31T15:17:57.693Z] [GET] /api/products?retailerId=cedc0064-0c9e-445e-9649-d344d6fe094d&storeId=JOHN-S-STORE 304 - 3ms - IP: ::1
[2026-08-31T15:17:57.699Z] [GET] /api/stores?retailerId=cedc0064-0c9e-445e-9649-d344d6fe094d 304 - 1ms - IP: ::1
[2026-08-31T15:17:57.703Z] [GET] /api/customers?retailerId=cedc0064-0c9e-445e-9649-d344d6fe094d&storeId=JOHN-S-STORE 304 - 1ms - IP: ::1
[2026-08-31T15:24:04.002Z] [POST] /api/users/login 201 - 32ms - IP: ::ffff:172.16.0.2
[2026-08-31T15:24:04.368Z] [GET] /api/products?retailerId=cedc0064-0c9e-445e-9649-d344d6fe094d&storeId=JOHN-S-STORE 200 - 15ms - IP: ::ffff:172.16.0.2
[2026-08-31T15:24:04.375Z] [GET] /api/stores?retailerId=cedc0064-0c9e-445e-9649-d344d6fe094d 200 - 4ms - IP: ::ffff:172.16.0.2
[2026-08-31T15:24:04.384Z] [GET] /api/customers?retailerId=cedc0064-0c9e-445e-9649-d344d6fe094d&storeId=JOHN-S-STORE 200 - 4ms - IP: ::ffff:172.16.0.2
[2026-08-31T15:24:47.703Z] [POST] /api/users/login 201 - 12ms - IP: ::ffff:127.0.0.1
[2026-08-31T15:24:47.993Z] [GET] /api/products?retailerId=cedc0064-0c9e-445e-9649-d344d6fe094d&storeId=JOHN-S-STORE 200 - 6ms - IP: ::ffff:127.0.0.1
[2026-08-31T15:24:47.999Z] [GET] /api/stores?retailerId=cedc0064-0c9e-445e-9649-d344d6fe094d 200 - 3ms - IP: ::ffff:127.0.0.1
[2026-08-31T15:24:48.005Z] [GET] /api/customers?retailerId=cedc0064-0c9e-445e-9649-d344d6fe094d&storeId=JOHN-S-STORE 200 - 2ms - IP: ::ffff:127.0.0.1
[2026-08-31T15:31:36.523Z] [POST] /api/users/login 201 - 5ms - IP: ::1
[2026-08-31T15:31:43.924Z] [POST] /api/users/login 201 - 3ms - IP: ::1
[2026-08-31T15:31:44.121Z] [GET] /api/products?retailerId=cedc0064-0c9e-445e-9649-d344d6fe094d&storeId=JOHN-S-STORE 200 - 2ms - IP: ::1
[2026-08-31T15:31:44.123Z] [GET] /api/stores?retailerId=cedc0064-0c9e-445e-9649-d344d6fe094d 200 - 1ms - IP: ::1
[2026-08-31T15:31:44.124Z] [GET] /api/customers?retailerId=cedc0064-0c9e-445e-9649-d344d6fe094d&storeId=JOHN-S-STORE 200 - 0ms - IP: ::1
[2026-08-31T15:31:44.141Z] [GET] /api/reservations?storeId=JOHN-S-STORE 200 - 1ms - IP: ::1
[2026-08-31T15:32:02.112Z] [POST] /api/users/login 201 - 7ms - IP: ::1
[2026-08-31T15:32:02.186Z] [GET] /api/products?retailerId=cedc0064-0c9e-445e-9649-d344d6fe094d&storeId=JOHN-S-STORE 304 - 3ms - IP: ::1
[2026-08-31T15:32:02.196Z] [GET] /api/customers?retailerId=cedc0064-0c9e-445e-9649-d344d6fe094d&storeId=JOHN-S-STORE 304 - 1ms - IP: ::1
[2026-08-31T15:32:02.191Z] [GET] /api/stores?retailerId=cedc0064-0c9e-445e-9649-d344d6fe094d 304 - 1ms - IP: ::1
[2026-08-31T15:32:02.210Z] [GET] /api/reservations?storeId=JOHN-S-STORE 304 - 1ms - IP: ::1
[2026-08-31T15:32:34.151Z] [GET] /api/products?retailerId=cedc0064-0c9e-445e-9649-d344d6fe094d&storeId=JOHN-S-STORE 304 - 8ms - IP: ::ffff:127.0.0.1
[2026-08-31T15:32:34.159Z] [GET] /api/stores?retailerId=cedc0064-0c9e-445e-9649-d344d6fe094d 304 - 2ms - IP: ::ffff:127.0.0.1
[2026-08-31T15:32:34.163Z] [GET] /api/customers?retailerId=cedc0064-0c9e-445e-9649-d344d6fe094d&storeId=JOHN-S-STORE 304 - 1ms - IP: ::ffff:127.0.0.1
[2026-08-31T15:32:34.177Z] [GET] /api/reservations?storeId=JOHN-S-STORE 200 - 1ms - IP: ::ffff:127.0.0.1
[2026-08-31T15:33:26.979Z] [GET] /api/products?retailerId=cedc0064-0c9e-445e-9649-d344d6fe094d&storeId=JOHN-S-STORE 304 - 3ms - IP: ::ffff:127.0.0.1
[2026-08-31T15:33:26.987Z] [GET] /api/stores?retailerId=cedc0064-0c9e-445e-9649-d344d6fe094d 304 - 2ms - IP: ::ffff:127.0.0.1
[2026-08-31T15:33:27.004Z] [GET] /api/customers?retailerId=cedc0064-0c9e-445e-9649-d344d6fe094d&storeId=JOHN-S-STORE 304 - 13ms - IP: ::ffff:127.0.0.1
[2026-08-31T15:33:27.013Z] [GET] /api/reservations?storeId=JOHN-S-STORE 304 - 1ms - IP: ::ffff:127.0.0.1
[2026-08-31T15:33:54.226Z] [GET] /api/products?retailerId=cedc0064-0c9e-445e-9649-d344d6fe094d&storeId=JOHN-S-STORE 304 - 3ms - IP: ::1
[2026-08-31T15:33:54.229Z] [GET] /api/customers?retailerId=cedc0064-0c9e-445e-9649-d344d6fe094d&storeId=JOHN-S-STORE 304 - 1ms - IP: ::1
[2026-08-31T15:33:54.234Z] [GET] /api/stores?retailerId=cedc0064-0c9e-445e-9649-d344d6fe094d 304 - 1ms - IP: ::1
[2026-08-31T15:33:54.280Z] [GET] /api/reservations?storeId=JOHN-S-STORE 304 - 1ms - IP: ::1
[2026-08-31T15:34:00.175Z] [GET] /api/products?retailerId=cedc0064-0c9e-445e-9649-d344d6fe094d&storeId=JOHN-S-STORE 304 - 3ms - IP: ::ffff:127.0.0.1
[2026-08-31T15:34:00.181Z] [GET] /api/stores?retailerId=cedc0064-0c9e-445e-9649-d344d6fe094d 304 - 2ms - IP: ::ffff:127.0.0.1
[2026-08-31T15:34:00.188Z] [GET] /api/customers?retailerId=cedc0064-0c9e-445e-9649-d344d6fe094d&storeId=JOHN-S-STORE 304 - 1ms - IP: ::ffff:127.0.0.1
[2026-08-31T15:34:00.203Z] [GET] /api/reservations?storeId=JOHN-S-STORE 304 - 2ms - IP: ::ffff:127.0.0.1
[2026-08-31T15:34:10.227Z] [GET] /api/products?retailerId=cedc0064-0c9e-445e-9649-d344d6fe094d&storeId=JOHN-S-STORE 304 - 1ms - IP: ::1
[2026-08-31T15:34:10.229Z] [GET] /api/customers?retailerId=cedc0064-0c9e-445e-9649-d344d6fe094d&storeId=JOHN-S-STORE 304 - 1ms - IP: ::1
[2026-08-31T15:34:10.231Z] [GET] /api/stores?retailerId=cedc0064-0c9e-445e-9649-d344d6fe094d 304 - 1ms - IP: ::1
[2026-08-31T15:34:10.249Z] [GET] /api/reservations?storeId=JOHN-S-STORE 304 - 2ms - IP: ::1
[2026-08-31T15:34:11.315Z] [GET] /api/products?retailerId=cedc0064-0c9e-445e-9649-d344d6fe094d&storeId=JOHN-S-STORE 304 - 2ms - IP: ::1
[2026-08-31T15:34:11.317Z] [GET] /api/stores?retailerId=cedc0064-0c9e-445e-9649-d344d6fe094d 304 - 1ms - IP: ::1
[2026-08-31T15:34:11.321Z] [GET] /api/customers?retailerId=cedc0064-0c9e-445e-9649-d344d6fe094d&storeId=JOHN-S-STORE 304 - 2ms - IP: ::1
[2026-08-31T15:34:11.351Z] [GET] /api/reservations?storeId=JOHN-S-STORE 304 - 1ms - IP: ::1
[2026-08-31T15:34:16.510Z] [GET] /api/products?retailerId=cedc0064-0c9e-445e-9649-d344d6fe094d&storeId=JOHN-S-STORE 304 - 7ms - IP: ::ffff:127.0.0.1
[2026-08-31T15:34:16.521Z] [GET] /api/stores?retailerId=cedc0064-0c9e-445e-9649-d344d6fe094d 304 - 3ms - IP: ::ffff:127.0.0.1
[2026-08-31T15:34:16.525Z] [GET] /api/customers?retailerId=cedc0064-0c9e-445e-9649-d344d6fe094d&storeId=JOHN-S-STORE 304 - 1ms - IP: ::ffff:127.0.0.1
[2026-08-31T15:34:16.544Z] [GET] /api/reservations?storeId=JOHN-S-STORE 304 - 1ms - IP: ::ffff:127.0.0.1
[2026-08-31T15:34:32.911Z] [GET] /api/products?retailerId=cedc0064-0c9e-445e-9649-d344d6fe094d&storeId=JOHN-S-STORE 304 - 3ms - IP: ::ffff:127.0.0.1
[2026-08-31T15:34:32.919Z] [GET] /api/stores?retailerId=cedc0064-0c9e-445e-9649-d344d6fe094d 304 - 2ms - IP: ::ffff:127.0.0.1
[2026-08-31T15:34:32.938Z] [GET] /api/customers?retailerId=cedc0064-0c9e-445e-9649-d344d6fe094d&storeId=JOHN-S-STORE 304 - 9ms - IP: ::ffff:127.0.0.1
[2026-08-31T15:34:32.954Z] [GET] /api/reservations?storeId=JOHN-S-STORE 304 - 3ms - IP: ::ffff:127.0.0.1
[2026-08-31T15:34:34.408Z] [GET] /api/products?retailerId=cedc0064-0c9e-445e-9649-d344d6fe094d&storeId=JOHN-S-STORE 304 - 3ms - IP: ::ffff:127.0.0.1
[2026-08-31T15:34:34.412Z] [GET] /api/stores?retailerId=cedc0064-0c9e-445e-9649-d344d6fe094d 304 - 2ms - IP: ::ffff:127.0.0.1
[2026-08-31T15:34:34.415Z] [GET] /api/customers?retailerId=cedc0064-0c9e-445e-9649-d344d6fe094d&storeId=JOHN-S-STORE 304 - 1ms - IP: ::ffff:127.0.0.1
[2026-08-31T15:34:34.437Z] [GET] /api/reservations?storeId=JOHN-S-STORE 304 - 1ms - IP: ::ffff:127.0.0.1
[2026-08-31T15:35:04.518Z] [GET] /api/products?retailerId=cedc0064-0c9e-445e-9649-d344d6fe094d&storeId=JOHN-S-STORE 304 - 5ms - IP: ::ffff:127.0.0.1
[2026-08-31T15:35:04.522Z] [GET] /api/stores?retailerId=cedc0064-0c9e-445e-9649-d344d6fe094d 304 - 1ms - IP: ::ffff:127.0.0.1
[2026-08-31T15:35:04.526Z] [GET] /api/customers?retailerId=cedc0064-0c9e-445e-9649-d344d6fe094d&storeId=JOHN-S-STORE 304 - 1ms - IP: ::ffff:127.0.0.1
[2026-08-31T15:35:04.554Z] [GET] /api/reservations?storeId=JOHN-S-STORE 304 - 1ms - IP: ::ffff:127.0.0.1
[2026-08-31T15:36:01.654Z] [GET] /api/products?retailerId=cedc0064-0c9e-445e-9649-d344d6fe094d&storeId=JOHN-S-STORE 304 - 12ms - IP: ::ffff:127.0.0.1
[2026-08-31T15:36:01.667Z] [GET] /api/stores?retailerId=cedc0064-0c9e-445e-9649-d344d6fe094d 304 - 2ms - IP: ::ffff:127.0.0.1
[2026-08-31T15:36:01.673Z] [GET] /api/customers?retailerId=cedc0064-0c9e-445e-9649-d344d6fe094d&storeId=JOHN-S-STORE 304 - 2ms - IP: ::ffff:127.0.0.1
[2026-08-31T15:36:01.684Z] [GET] /api/reservations?storeId=JOHN-S-STORE 304 - 1ms - IP: ::ffff:127.0.0.1
[2026-08-31T15:36:03.229Z] [GET] /api/products?retailerId=cedc0064-0c9e-445e-9649-d344d6fe094d&storeId=JOHN-S-STORE 304 - 2ms - IP: ::1
[2026-08-31T15:36:03.231Z] [GET] /api/stores?retailerId=cedc0064-0c9e-445e-9649-d344d6fe094d 304 - 0ms - IP: ::1
[2026-08-31T15:36:03.233Z] [GET] /api/customers?retailerId=cedc0064-0c9e-445e-9649-d344d6fe094d&storeId=JOHN-S-STORE 304 - 1ms - IP: ::1
[2026-08-31T15:36:03.250Z] [GET] /api/reservations?storeId=JOHN-S-STORE 304 - 0ms - IP: ::1
[2026-08-31T15:36:06.471Z] [GET] /api/products?retailerId=cedc0064-0c9e-445e-9649-d344d6fe094d&storeId=JOHN-S-STORE 304 - 4ms - IP: ::ffff:127.0.0.1
[2026-08-31T15:36:06.475Z] [GET] /api/stores?retailerId=cedc0064-0c9e-445e-9649-d344d6fe094d 304 - 1ms - IP: ::ffff:127.0.0.1
[2026-08-31T15:36:06.480Z] [GET] /api/customers?retailerId=cedc0064-0c9e-445e-9649-d344d6fe094d&storeId=JOHN-S-STORE 304 - 1ms - IP: ::ffff:127.0.0.1
[2026-08-31T15:36:06.490Z] [GET] /api/reservations?storeId=JOHN-S-STORE 304 - 1ms - IP: ::ffff:127.0.0.1
[2026-08-31T15:36:18.208Z] [GET] /api/products?retailerId=cedc0064-0c9e-445e-9649-d344d6fe094d&storeId=JOHN-S-STORE 304 - 3ms - IP: ::ffff:127.0.0.1
[2026-08-31T15:36:18.212Z] [GET] /api/stores?retailerId=cedc0064-0c9e-445e-9649-d344d6fe094d 304 - 1ms - IP: ::ffff:127.0.0.1
[2026-08-31T15:36:18.217Z] [GET] /api/customers?retailerId=cedc0064-0c9e-445e-9649-d344d6fe094d&storeId=JOHN-S-STORE 304 - 2ms - IP: ::ffff:127.0.0.1
[2026-08-31T15:36:18.247Z] [GET] /api/reservations?storeId=JOHN-S-STORE 304 - 1ms - IP: ::ffff:127.0.0.1
[2026-08-31T15:38:33.444Z] [POST] /api/users/login 401 - 8ms - IP: ::ffff:127.0.0.1
[2026-08-31T15:38:41.226Z] [POST] /api/users/login 201 - 10ms - IP: ::ffff:127.0.0.1
[2026-08-31T15:38:41.588Z] [GET] /api/users/cedc0064-0c9e-445e-9649-d344d6fe094d 200 - 4ms - IP: ::ffff:127.0.0.1
[2026-08-31T15:38:41.596Z] [GET] /api/users/cedc0064-0c9e-445e-9649-d344d6fe094d 304 - 5ms - IP: ::ffff:127.0.0.1
[2026-08-31T15:38:41.601Z] [GET] /api/users/cedc0064-0c9e-445e-9649-d344d6fe094d 304 - 3ms - IP: ::ffff:127.0.0.1
[2026-08-31T15:38:41.714Z] [GET] /api/returns?retailerId=cedc0064-0c9e-445e-9649-d344d6fe094d&storeId=JOHN-S-STORE 304 - 6ms - IP: ::ffff:127.0.0.1
[2026-08-31T15:38:41.721Z] [GET] /api/products?retailerId=cedc0064-0c9e-445e-9649-d344d6fe094d&storeId=JOHN-S-STORE 304 - 3ms - IP: ::ffff:127.0.0.1
[2026-08-31T15:38:41.730Z] [GET] /api/products?retailerId=cedc0064-0c9e-445e-9649-d344d6fe094d&storeId=JOHN-S-STORE 304 - 4ms - IP: ::ffff:127.0.0.1
[2026-08-31T15:38:41.740Z] [GET] /api/customers?retailerId=cedc0064-0c9e-445e-9649-d344d6fe094d&storeId=JOHN-S-STORE 304 - 5ms - IP: ::ffff:127.0.0.1
[2026-08-31T15:38:41.749Z] [AUDIT] Action invoked on route: [GET] /api/transactions?retailerId=cedc0064-0c9e-445e-9649-d344d6fe094d&storeId=JOHN-S-STORE
[2026-08-31T15:38:41.763Z] [GET] /api/transactions?retailerId=cedc0064-0c9e-445e-9649-d344d6fe094d&storeId=JOHN-S-STORE 200 - 14ms - IP: ::ffff:127.0.0.1
[2026-08-31T15:38:41.773Z] [GET] /api/returns?retailerId=cedc0064-0c9e-445e-9649-d344d6fe094d&storeId=JOHN-S-STORE 304 - 3ms - IP: ::ffff:127.0.0.1
[2026-08-31T15:38:41.778Z] [GET] /api/purchase-orders?retailerId=cedc0064-0c9e-445e-9649-d344d6fe094d&storeId=JOHN-S-STORE 304 - 3ms - IP: ::ffff:127.0.0.1
[2026-08-31T15:38:41.786Z] [SUPPLIER-ROUTER-MIDDLEWARE] [GET] /api/suppliers | Client: Mozilla/5.0 (Windows NT 10.0; Win64; x64) AppleWebKit/537.36 (KHTML, like Gecko) Chrome/151.0.0.0 Safari/537.36
[2026-08-31T15:38:41.791Z] [GET] /api/suppliers 200 - 5ms - IP: ::ffff:127.0.0.1
[2026-08-31T15:38:44.804Z] [GET] /api/products?retailerId=cedc0064-0c9e-445e-9649-d344d6fe094d&storeId=JOHN-S-STORE 304 - 2ms - IP: ::ffff:127.0.0.1
[2026-08-31T15:38:44.811Z] [GET] /api/users/cedc0064-0c9e-445e-9649-d344d6fe094d 304 - 3ms - IP: ::ffff:127.0.0.1
[2026-08-31T15:38:44.815Z] [GET] /api/users/cedc0064-0c9e-445e-9649-d344d6fe094d 304 - 2ms - IP: ::ffff:127.0.0.1
[2026-08-31T15:38:44.832Z] [GET] /api/returns?retailerId=cedc0064-0c9e-445e-9649-d344d6fe094d&storeId=JOHN-S-STORE 304 - 1ms - IP: ::ffff:127.0.0.1
[2026-08-31T15:38:44.835Z] [GET] /api/products?retailerId=cedc0064-0c9e-445e-9649-d344d6fe094d&storeId=JOHN-S-STORE 304 - 1ms - IP: ::ffff:127.0.0.1
[2026-08-31T15:38:45.785Z] [GET] /api/products?retailerId=cedc0064-0c9e-445e-9649-d344d6fe094d&storeId=JOHN-S-STORE 304 - 3ms - IP: ::ffff:127.0.0.1
[2026-08-31T15:38:45.882Z] [GET] /api/users/cedc0064-0c9e-445e-9649-d344d6fe094d 304 - 5ms - IP: ::ffff:127.0.0.1
[2026-08-31T15:38:45.910Z] [GET] /api/returns?retailerId=cedc0064-0c9e-445e-9649-d344d6fe094d&storeId=JOHN-S-STORE 304 - 2ms - IP: ::ffff:127.0.0.1
[2026-08-31T15:38:45.916Z] [GET] /api/products?retailerId=cedc0064-0c9e-445e-9649-d344d6fe094d&storeId=JOHN-S-STORE 304 - 3ms - IP: ::ffff:127.0.0.1
[2026-08-31T15:38:46.511Z] [GET] /api/products?retailerId=cedc0064-0c9e-445e-9649-d344d6fe094d&storeId=JOHN-S-STORE 304 - 3ms - IP: ::ffff:127.0.0.1
[2026-08-31T15:38:46.555Z] [GET] /api/users/cedc0064-0c9e-445e-9649-d344d6fe094d 304 - 16ms - IP: ::ffff:127.0.0.1
[2026-08-31T15:38:46.571Z] [GET] /api/returns?retailerId=cedc0064-0c9e-445e-9649-d344d6fe094d&storeId=JOHN-S-STORE 304 - 9ms - IP: ::ffff:127.0.0.1
[2026-08-31T15:38:46.586Z] [GET] /api/products?retailerId=cedc0064-0c9e-445e-9649-d344d6fe094d&storeId=JOHN-S-STORE 304 - 7ms - IP: ::ffff:127.0.0.1
[2026-08-31T15:38:47.263Z] [GET] /api/products?retailerId=cedc0064-0c9e-445e-9649-d344d6fe094d&storeId=JOHN-S-STORE 304 - 2ms - IP: ::ffff:127.0.0.1
[2026-08-31T15:38:47.297Z] [GET] /api/users/cedc0064-0c9e-445e-9649-d344d6fe094d 304 - 4ms - IP: ::ffff:127.0.0.1
[2026-08-31T15:38:47.343Z] [GET] /api/returns?retailerId=cedc0064-0c9e-445e-9649-d344d6fe094d&storeId=JOHN-S-STORE 304 - 1ms - IP: ::ffff:127.0.0.1
[2026-08-31T15:38:47.348Z] [GET] /api/products?retailerId=cedc0064-0c9e-445e-9649-d344d6fe094d&storeId=JOHN-S-STORE 304 - 3ms - IP: ::ffff:127.0.0.1
[2026-08-31T15:38:48.589Z] [GET] /api/users/cedc0064-0c9e-445e-9649-d344d6fe094d 304 - 4ms - IP: ::ffff:127.0.0.1
[2026-08-31T15:38:48.594Z] [GET] /api/stock-adjustments?retailerId=cedc0064-0c9e-445e-9649-d344d6fe094d&storeId=JOHN-S-STORE 200 - 2ms - IP: ::ffff:127.0.0.1
[2026-08-31T15:38:48.600Z] [GET] /api/products?retailerId=cedc0064-0c9e-445e-9649-d344d6fe094d&storeId=JOHN-S-STORE 304 - 4ms - IP: ::ffff:127.0.0.1
[2026-08-31T15:38:48.602Z] [AUDIT] Action invoked on route: [GET] /api/transactions?retailerId=cedc0064-0c9e-445e-9649-d344d6fe094d&storeId=JOHN-S-STORE
[2026-08-31T15:38:48.607Z] [GET] /api/transactions?retailerId=cedc0064-0c9e-445e-9649-d344d6fe094d&storeId=JOHN-S-STORE 304 - 5ms - IP: ::ffff:127.0.0.1
[2026-08-31T15:38:48.613Z] [GET] /api/purchase-orders?retailerId=cedc0064-0c9e-445e-9649-d344d6fe094d&storeId=JOHN-S-STORE 304 - 4ms - IP: ::ffff:127.0.0.1
[2026-08-31T15:38:48.626Z] [GET] /api/returns?retailerId=cedc0064-0c9e-445e-9649-d344d6fe094d&storeId=JOHN-S-STORE 304 - 4ms - IP: ::ffff:127.0.0.1
[2026-08-31T15:38:48.636Z] [GET] /api/products?retailerId=cedc0064-0c9e-445e-9649-d344d6fe094d&storeId=JOHN-S-STORE 304 - 6ms - IP: ::ffff:127.0.0.1
[2026-08-31T15:38:49.797Z] [GET] /api/users/cedc0064-0c9e-445e-9649-d344d6fe094d 304 - 3ms - IP: ::ffff:127.0.0.1
[2026-08-31T15:38:49.812Z] [GET] /api/products?retailerId=cedc0064-0c9e-445e-9649-d344d6fe094d&storeId=JOHN-S-STORE 304 - 2ms - IP: ::ffff:127.0.0.1
[2026-08-31T15:38:49.831Z] [GET] /api/returns?retailerId=cedc0064-0c9e-445e-9649-d344d6fe094d&storeId=JOHN-S-STORE 304 - 1ms - IP: ::ffff:127.0.0.1
[2026-08-31T15:38:49.836Z] [GET] /api/products?retailerId=cedc0064-0c9e-445e-9649-d344d6fe094d&storeId=JOHN-S-STORE 304 - 3ms - IP: ::ffff:127.0.0.1
[2026-08-31T15:38:50.588Z] [GET] /api/users/cedc0064-0c9e-445e-9649-d344d6fe094d 304 - 5ms - IP: ::ffff:127.0.0.1
[2026-08-31T15:38:50.592Z] [GET] /api/products?retailerId=cedc0064-0c9e-445e-9649-d344d6fe094d&storeId=JOHN-S-STORE 304 - 2ms - IP: ::ffff:127.0.0.1
[2026-08-31T15:38:50.634Z] [GET] /api/returns?retailerId=cedc0064-0c9e-445e-9649-d344d6fe094d&storeId=JOHN-S-STORE 304 - 2ms - IP: ::ffff:127.0.0.1
[2026-08-31T15:38:50.639Z] [GET] /api/products?retailerId=cedc0064-0c9e-445e-9649-d344d6fe094d&storeId=JOHN-S-STORE 304 - 3ms - IP: ::ffff:127.0.0.1
[2026-08-31T15:38:50.642Z] [GET] /api/stores?retailerId=cedc0064-0c9e-445e-9649-d344d6fe094d&storeId=JOHN-S-STORE 200 - 1ms - IP: ::ffff:127.0.0.1
[2026-08-31T15:38:52.336Z] [GET] /api/users/cedc0064-0c9e-445e-9649-d344d6fe094d 304 - 4ms - IP: ::ffff:127.0.0.1
[2026-08-31T15:38:52.342Z] [GET] /api/products?retailerId=cedc0064-0c9e-445e-9649-d344d6fe094d&storeId=JOHN-S-STORE 304 - 4ms - IP: ::ffff:127.0.0.1
[2026-08-31T15:38:52.345Z] [GET] /api/stock-adjustments?retailerId=cedc0064-0c9e-445e-9649-d344d6fe094d&storeId=JOHN-S-STORE 304 - 1ms - IP: ::ffff:127.0.0.1
[2026-08-31T15:38:52.374Z] [GET] /api/returns?retailerId=cedc0064-0c9e-445e-9649-d344d6fe094d&storeId=JOHN-S-STORE 304 - 1ms - IP: ::ffff:127.0.0.1
[2026-08-31T15:38:52.380Z] [GET] /api/products?retailerId=cedc0064-0c9e-445e-9649-d344d6fe094d&storeId=JOHN-S-STORE 304 - 3ms - IP: ::ffff:127.0.0.1
[2026-08-31T15:38:53.985Z] [GET] /api/users/cedc0064-0c9e-445e-9649-d344d6fe094d 304 - 3ms - IP: ::ffff:127.0.0.1
[2026-08-31T15:38:53.991Z] [GET] /api/customers?retailerId=cedc0064-0c9e-445e-9649-d344d6fe094d&storeId=JOHN-S-STORE 304 - 3ms - IP: ::ffff:127.0.0.1
[2026-08-31T15:38:54.029Z] [GET] /api/returns?retailerId=cedc0064-0c9e-445e-9649-d344d6fe094d&storeId=JOHN-S-STORE 304 - 1ms - IP: ::ffff:127.0.0.1
[2026-08-31T15:38:54.035Z] [GET] /api/products?retailerId=cedc0064-0c9e-445e-9649-d344d6fe094d&storeId=JOHN-S-STORE 304 - 3ms - IP: ::ffff:127.0.0.1
[2026-08-31T15:38:55.492Z] [GET] /api/users/cedc0064-0c9e-445e-9649-d344d6fe094d 304 - 3ms - IP: ::ffff:127.0.0.1
[2026-08-31T15:38:55.497Z] [AUDIT] Action invoked on route: [GET] /api/billers?retailerId=cedc0064-0c9e-445e-9649-d344d6fe094d&storeId=JOHN-S-STORE
[2026-08-31T15:38:55.500Z] [GET] /api/billers?retailerId=cedc0064-0c9e-445e-9649-d344d6fe094d&storeId=JOHN-S-STORE 304 - 3ms - IP: ::ffff:127.0.0.1
[2026-08-31T15:38:55.506Z] [AUDIT] Action invoked on route: [GET] /api/billers/requests
[2026-08-31T15:38:55.510Z] [GET] /api/billers/requests 304 - 4ms - IP: ::ffff:127.0.0.1
[2026-08-31T15:38:55.570Z] [GET] /api/returns?retailerId=cedc0064-0c9e-445e-9649-d344d6fe094d&storeId=JOHN-S-STORE 304 - 1ms - IP: ::ffff:127.0.0.1
[2026-08-31T15:38:55.603Z] [GET] /api/products?retailerId=cedc0064-0c9e-445e-9649-d344d6fe094d&storeId=JOHN-S-STORE 304 - 2ms - IP: ::ffff:127.0.0.1
[2026-08-31T15:38:57.105Z] [GET] /api/users/cedc0064-0c9e-445e-9649-d344d6fe094d 304 - 3ms - IP: ::ffff:127.0.0.1
[2026-08-31T15:38:57.106Z] [SUPPLIER-ROUTER-MIDDLEWARE] [GET] /api/suppliers | Client: Mozilla/5.0 (Windows NT 10.0; Win64; x64) AppleWebKit/537.36 (KHTML, like Gecko) Chrome/151.0.0.0 Safari/537.36
[2026-08-31T15:38:57.109Z] [GET] /api/suppliers 304 - 3ms - IP: ::ffff:127.0.0.1
[2026-08-31T15:38:57.130Z] [GET] /api/returns?retailerId=cedc0064-0c9e-445e-9649-d344d6fe094d&storeId=JOHN-S-STORE 304 - 6ms - IP: ::ffff:127.0.0.1
[2026-08-31T15:38:57.158Z] [GET] /api/products?retailerId=cedc0064-0c9e-445e-9649-d344d6fe094d&storeId=JOHN-S-STORE 304 - 16ms - IP: ::ffff:127.0.0.1
[2026-08-31T15:38:58.815Z] [GET] /api/users/cedc0064-0c9e-445e-9649-d344d6fe094d 304 - 2ms - IP: ::ffff:127.0.0.1
[2026-08-31T15:38:58.818Z] [GET] /api/products?retailerId=cedc0064-0c9e-445e-9649-d344d6fe094d&storeId=JOHN-S-STORE 304 - 2ms - IP: ::ffff:127.0.0.1
[2026-08-31T15:38:58.821Z] [AUDIT] Action invoked on route: [GET] /api/transactions?retailerId=cedc0064-0c9e-445e-9649-d344d6fe094d&storeId=JOHN-S-STORE
[2026-08-31T15:38:58.823Z] [GET] /api/transactions?retailerId=cedc0064-0c9e-445e-9649-d344d6fe094d&storeId=JOHN-S-STORE 304 - 2ms - IP: ::ffff:127.0.0.1
[2026-08-31T15:38:58.824Z] [SUPPLIER-ROUTER-MIDDLEWARE] [GET] /api/suppliers | Client: Mozilla/5.0 (Windows NT 10.0; Win64; x64) AppleWebKit/537.36 (KHTML, like Gecko) Chrome/151.0.0.0 Safari/537.36
[2026-08-31T15:38:58.826Z] [GET] /api/suppliers 304 - 2ms - IP: ::ffff:127.0.0.1
[2026-08-31T15:38:58.830Z] [GET] /api/returns?retailerId=cedc0064-0c9e-445e-9649-d344d6fe094d&storeId=JOHN-S-STORE 304 - 1ms - IP: ::ffff:127.0.0.1
[2026-08-31T15:38:58.833Z] [GET] /api/products?retailerId=cedc0064-0c9e-445e-9649-d344d6fe094d&storeId=JOHN-S-STORE 304 - 2ms - IP: ::ffff:127.0.0.1
[2026-08-31T15:39:00.409Z] [GET] /api/users/cedc0064-0c9e-445e-9649-d344d6fe094d 304 - 4ms - IP: ::ffff:127.0.0.1
[2026-08-31T15:39:00.416Z] [SUPPLIER-ROUTER-MIDDLEWARE] [GET] /api/suppliers | Client: Mozilla/5.0 (Windows NT 10.0; Win64; x64) AppleWebKit/537.36 (KHTML, like Gecko) Chrome/151.0.0.0 Safari/537.36
[2026-08-31T15:39:00.418Z] [GET] /api/suppliers 304 - 2ms - IP: ::ffff:127.0.0.1
[2026-08-31T15:39:00.427Z] [GET] /api/returns?retailerId=cedc0064-0c9e-445e-9649-d344d6fe094d&storeId=JOHN-S-STORE 304 - 2ms - IP: ::ffff:127.0.0.1
[2026-08-31T15:39:00.430Z] [GET] /api/products?retailerId=cedc0064-0c9e-445e-9649-d344d6fe094d&storeId=JOHN-S-STORE 304 - 2ms - IP: ::ffff:127.0.0.1
[2026-08-31T15:39:00.441Z] [GET] /api/purchase-orders?retailerId=cedc0064-0c9e-445e-9649-d344d6fe094d&storeId=JOHN-S-STORE 304 - 2ms - IP: ::ffff:127.0.0.1
[2026-08-31T15:39:02.823Z] [GET] /api/users/cedc0064-0c9e-445e-9649-d344d6fe094d 304 - 3ms - IP: ::ffff:127.0.0.1
[2026-08-31T15:39:02.828Z] [GET] /api/returns?retailerId=cedc0064-0c9e-445e-9649-d344d6fe094d&storeId=JOHN-S-STORE 304 - 1ms - IP: ::ffff:127.0.0.1
[2026-08-31T15:39:02.836Z] [GET] /api/returns?retailerId=cedc0064-0c9e-445e-9649-d344d6fe094d&storeId=JOHN-S-STORE 304 - 1ms - IP: ::ffff:127.0.0.1
[2026-08-31T15:39:02.843Z] [GET] /api/products?retailerId=cedc0064-0c9e-445e-9649-d344d6fe094d&storeId=JOHN-S-STORE 304 - 3ms - IP: ::ffff:127.0.0.1
[2026-08-31T15:39:04.375Z] [GET] /api/users/cedc0064-0c9e-445e-9649-d344d6fe094d 304 - 5ms - IP: ::ffff:127.0.0.1
[2026-08-31T15:39:04.383Z] [GET] /api/users/cedc0064-0c9e-445e-9649-d344d6fe094d 304 - 4ms - IP: ::ffff:127.0.0.1
[2026-09-20T20:13:30.450Z] [POST] /api/users/login 201 - 10ms - IP: ::1
[2026-09-20T20:13:30.551Z] [GET] /api/products 200 - 4ms - IP: ::1
[2026-09-20T20:13:30.554Z] [GET] /api/customers 200 - 1ms - IP: ::1
[2026-09-20T20:13:30.556Z] [AUDIT] Action invoked on route: [GET] /api/transactions
[2026-09-20T20:13:30.558Z] [GET] /api/transactions 200 - 2ms - IP: ::1
[2026-09-20T20:13:30.562Z] [GET] /api/purchase-orders 200 - 1ms - IP: ::1
[2026-09-20T20:13:30.566Z] [GET] /api/returns 200 - 2ms - IP: ::1
[2026-09-20T20:13:30.567Z] [SUPPLIER-ROUTER-MIDDLEWARE] [GET] /api/suppliers | Client: Mozilla/5.0 (Windows NT 10.0; Win64; x64) AppleWebKit/537.36 (KHTML, like Gecko) Chrome/153.0.0.0 Safari/537.36
[2026-09-20T20:13:30.568Z] [GET] /api/suppliers 200 - 1ms - IP: ::1
[2026-09-20T20:13:30.573Z] [GET] /api/platform-revenue/subscriptions/active?userId=cedc0064-0c9e-445e-9649-d344d6fe094d 404 - 2ms - IP: ::1
[2026-09-20T20:13:30.594Z] [GET] /api/products 304 - 3ms - IP: ::1
[2026-09-20T20:13:30.595Z] [GET] /api/customers 304 - 0ms - IP: ::1
[2026-09-20T20:13:30.596Z] [AUDIT] Action invoked on route: [GET] /api/transactions
[2026-09-20T20:13:30.597Z] [GET] /api/transactions 304 - 1ms - IP: ::1
[2026-09-20T20:13:30.598Z] [GET] /api/purchase-orders 304 - 1ms - IP: ::1
[2026-09-20T20:13:30.600Z] [GET] /api/returns 304 - 1ms - IP: ::1
[2026-09-20T20:13:30.600Z] [SUPPLIER-ROUTER-MIDDLEWARE] [GET] /api/suppliers | Client: Mozilla/5.0 (Windows NT 10.0; Win64; x64) AppleWebKit/537.36 (KHTML, like Gecko) Chrome/153.0.0.0 Safari/537.36
[2026-09-20T20:13:30.601Z] [GET] /api/suppliers 304 - 1ms - IP: ::1
[2026-09-20T20:13:30.604Z] [GET] /api/platform-revenue/subscriptions/active?userId=cedc0064-0c9e-445e-9649-d344d6fe094d 404 - 1ms - IP: ::1
[2026-09-20T20:13:35.302Z] [GET] /api/products 304 - 2ms - IP: ::1
[2026-09-20T20:13:35.306Z] [GET] /api/products 304 - 1ms - IP: ::1
[2026-09-20T20:13:35.311Z] [GET] /api/stores 200 - 1ms - IP: ::1
[2026-09-20T20:13:35.315Z] [GET] /api/stores 304 - 0ms - IP: ::1
[2026-09-20T20:13:36.154Z] [GET] /api/products 304 - 2ms - IP: ::1
[2026-09-20T20:13:36.158Z] [GET] /api/products 304 - 1ms - IP: ::1
[2026-09-20T20:13:40.159Z] [GET] /api/products 304 - 2ms - IP: ::1
[2026-09-20T20:13:40.160Z] [GET] /api/customers 304 - 0ms - IP: ::1
[2026-09-20T20:13:40.162Z] [AUDIT] Action invoked on route: [GET] /api/transactions
[2026-09-20T20:13:40.163Z] [GET] /api/transactions 304 - 1ms - IP: ::1
[2026-09-20T20:13:40.164Z] [GET] /api/purchase-orders 304 - 0ms - IP: ::1
[2026-09-20T20:13:40.165Z] [GET] /api/returns 304 - 0ms - IP: ::1
[2026-09-20T20:13:40.166Z] [SUPPLIER-ROUTER-MIDDLEWARE] [GET] /api/suppliers | Client: Mozilla/5.0 (Windows NT 10.0; Win64; x64) AppleWebKit/537.36 (KHTML, like Gecko) Chrome/153.0.0.0 Safari/537.36
[2026-09-20T20:13:40.167Z] [GET] /api/suppliers 304 - 1ms - IP: ::1
[2026-09-20T20:13:40.169Z] [GET] /api/platform-revenue/subscriptions/active?userId=cedc0064-0c9e-445e-9649-d344d6fe094d 404 - 1ms - IP: ::1
[2026-09-20T20:13:40.174Z] [GET] /api/products 304 - 1ms - IP: ::1
[2026-09-20T20:13:40.176Z] [GET] /api/customers 304 - 1ms - IP: ::1
[2026-09-20T20:13:40.177Z] [GET] /api/platform-revenue/subscriptions/active?userId=cedc0064-0c9e-445e-9649-d344d6fe094d 404 - 0ms - IP: ::1
[2026-09-20T20:13:40.179Z] [AUDIT] Action invoked on route: [GET] /api/transactions
[2026-09-20T20:13:40.180Z] [GET] /api/transactions 304 - 1ms - IP: ::1
[2026-09-20T20:13:40.181Z] [GET] /api/purchase-orders 304 - 1ms - IP: ::1
[2026-09-20T20:13:40.183Z] [GET] /api/returns 304 - 1ms - IP: ::1
[2026-09-20T20:13:40.184Z] [SUPPLIER-ROUTER-MIDDLEWARE] [GET] /api/suppliers | Client: Mozilla/5.0 (Windows NT 10.0; Win64; x64) AppleWebKit/537.36 (KHTML, like Gecko) Chrome/153.0.0.0 Safari/537.36
[2026-09-20T20:13:40.185Z] [GET] /api/suppliers 304 - 1ms - IP: ::1
[2026-09-20T20:15:11.406Z] [GET] /api/products 304 - 1ms - IP: ::1
[2026-09-20T20:15:11.410Z] [GET] /api/products 304 - 1ms - IP: ::1
[2026-09-20T20:15:43.690Z] [GET] /api/products 304 - 1ms - IP: ::1
[2026-09-20T20:15:43.695Z] [GET] /api/products 304 - 1ms - IP: ::1
[2026-09-20T20:15:43.706Z] [SUPPLIER-ROUTER-MIDDLEWARE] [GET] /api/suppliers | Client: Mozilla/5.0 (Windows NT 10.0; Win64; x64) AppleWebKit/537.36 (KHTML, like Gecko) Chrome/153.0.0.0 Safari/537.36
[2026-09-20T20:15:43.707Z] [GET] /api/suppliers 304 - 1ms - IP: ::1
[2026-09-20T20:15:43.711Z] [SUPPLIER-ROUTER-MIDDLEWARE] [GET] /api/suppliers | Client: Mozilla/5.0 (Windows NT 10.0; Win64; x64) AppleWebKit/537.36 (KHTML, like Gecko) Chrome/153.0.0.0 Safari/537.36
[2026-09-20T20:15:43.712Z] [GET] /api/suppliers 304 - 1ms - IP: ::1
[2026-09-20T20:15:43.715Z] [GET] /api/stores 304 - 1ms - IP: ::1
[2026-09-20T20:15:43.725Z] [GET] /api/stores 304 - 1ms - IP: ::1
[2026-09-20T20:16:02.864Z] [GET] /api/products 304 - 2ms - IP: ::1
[2026-09-20T20:16:02.868Z] [GET] /api/products 304 - 1ms - IP: ::1
[2026-09-20T20:16:02.871Z] [SUPPLIER-ROUTER-MIDDLEWARE] [GET] /api/suppliers | Client: Mozilla/5.0 (Windows NT 10.0; Win64; x64) AppleWebKit/537.36 (KHTML, like Gecko) Chrome/153.0.0.0 Safari/537.36
[2026-09-20T20:16:02.872Z] [GET] /api/suppliers 304 - 1ms - IP: ::1
[2026-09-20T20:16:02.874Z] [SUPPLIER-ROUTER-MIDDLEWARE] [GET] /api/suppliers | Client: Mozilla/5.0 (Windows NT 10.0; Win64; x64) AppleWebKit/537.36 (KHTML, like Gecko) Chrome/153.0.0.0 Safari/537.36
[2026-09-20T20:16:02.875Z] [GET] /api/suppliers 304 - 1ms - IP: ::1
[2026-09-20T20:16:02.878Z] [GET] /api/stores 304 - 1ms - IP: ::1
[2026-09-20T20:16:02.880Z] [GET] /api/stores 304 - 0ms - IP: ::1
[2026-09-20T20:16:18.070Z] [GET] /api/products 304 - 1ms - IP: ::1
[2026-09-20T20:16:18.074Z] [GET] /api/products 304 - 1ms - IP: ::1
[2026-09-20T20:16:20.460Z] [GET] /api/products?retailerId=cedc0064-0c9e-445e-9649-d344d6fe094d 200 - 1ms - IP: ::1
[2026-09-20T20:16:20.476Z] [GET] /api/products?retailerId=cedc0064-0c9e-445e-9649-d344d6fe094d 304 - 1ms - IP: ::1
[2026-09-20T20:16:35.817Z] [GET] /api/products 304 - 2ms - IP: ::1
[2026-09-20T20:16:35.823Z] [GET] /api/products 304 - 1ms - IP: ::1
[2026-09-20T20:16:47.602Z] [GET] /api/products 304 - 2ms - IP: ::1
[2026-09-20T20:16:47.607Z] [GET] /api/products 304 - 2ms - IP: ::1
[2026-09-20T20:16:47.608Z] [GET] /api/stores 304 - 0ms - IP: ::1
[2026-09-20T20:16:47.612Z] [GET] /api/stores 304 - 0ms - IP: ::1
[2026-09-20T20:17:07.001Z] [GET] /api/stock-adjustments 200 - 0ms - IP: ::1
[2026-09-20T20:17:07.004Z] [GET] /api/products?retailerId=cedc0064-0c9e-445e-9649-d344d6fe094d 304 - 1ms - IP: ::1
[2026-09-20T20:17:07.006Z] [GET] /api/stock-adjustments 304 - 1ms - IP: ::1
[2026-09-20T20:17:07.009Z] [GET] /api/products?retailerId=cedc0064-0c9e-445e-9649-d344d6fe094d 304 - 1ms - IP: ::1
[2026-09-20T20:17:20.300Z] [GET] /api/customers 304 - 1ms - IP: ::1
[2026-09-20T20:17:20.304Z] [GET] /api/customers 304 - 1ms - IP: ::1
[2026-09-20T20:17:32.776Z] [AUDIT] Action invoked on route: [GET] /api/billers
[2026-09-20T20:17:32.778Z] [GET] /api/billers 200 - 2ms - IP: ::1
[2026-09-20T20:17:32.781Z] [AUDIT] Action invoked on route: [GET] /api/billers
[2026-09-20T20:17:32.782Z] [GET] /api/billers 304 - 1ms - IP: ::1
[2026-09-20T20:17:43.218Z] [SUPPLIER-ROUTER-MIDDLEWARE] [GET] /api/suppliers | Client: Mozilla/5.0 (Windows NT 10.0; Win64; x64) AppleWebKit/537.36 (KHTML, like Gecko) Chrome/153.0.0.0 Safari/537.36
[2026-09-20T20:17:43.219Z] [GET] /api/suppliers 304 - 1ms - IP: ::1
[2026-09-20T20:17:43.224Z] [SUPPLIER-ROUTER-MIDDLEWARE] [GET] /api/suppliers | Client: Mozilla/5.0 (Windows NT 10.0; Win64; x64) AppleWebKit/537.36 (KHTML, like Gecko) Chrome/153.0.0.0 Safari/537.36
[2026-09-20T20:17:43.225Z] [GET] /api/suppliers 304 - 1ms - IP: ::1
[2026-09-20T20:17:52.265Z] [GET] /api/products?retailerId=cedc0064-0c9e-445e-9649-d344d6fe094d 304 - 2ms - IP: ::1
[2026-09-20T20:17:52.269Z] [GET] /api/products?retailerId=cedc0064-0c9e-445e-9649-d344d6fe094d 304 - 0ms - IP: ::1
[2026-09-20T20:18:02.612Z] [GET] /api/purchase-orders 304 - 0ms - IP: ::1
[2026-09-20T20:18:02.616Z] [GET] /api/purchase-orders 304 - 1ms - IP: ::1
[2026-09-20T20:18:12.875Z] [GET] /api/returns 304 - 1ms - IP: ::1
[2026-09-20T20:18:12.879Z] [GET] /api/returns 304 - 0ms - IP: ::1
[2026-09-21T11:24:04.869Z] [GET] /api/users/cedc0064-0c9e-445e-9649-d344d6fe094d 200 - 5ms - IP: ::1
[2026-09-21T11:27:39.737Z] [GET] /api/users/cedc0064-0c9e-445e-9649-d344d6fe094d 200 - 4ms - IP: ::1
[2026-09-21T11:27:39.744Z] [GET] /api/users/cedc0064-0c9e-445e-9649-d344d6fe094d 304 - 4ms - IP: ::1
[2026-09-21T11:27:39.750Z] [GET] /api/users/cedc0064-0c9e-445e-9649-d344d6fe094d 304 - 4ms - IP: ::1
[2026-09-21T11:27:39.757Z] [GET] /api/returns?retailerId=cedc0064-0c9e-445e-9649-d344d6fe094d&storeId=JOHN-S-STORE 304 - 3ms - IP: ::1
[2026-09-21T11:27:39.764Z] [GET] /api/products?retailerId=cedc0064-0c9e-445e-9649-d344d6fe094d&storeId=JOHN-S-STORE 200 - 4ms - IP: ::1
[2026-09-21T11:27:39.771Z] [GET] /api/products?retailerId=cedc0064-0c9e-445e-9649-d344d6fe094d&storeId=JOHN-S-STORE 304 - 3ms - IP: ::1
[2026-09-21T11:27:39.774Z] [GET] /api/customers?retailerId=cedc0064-0c9e-445e-9649-d344d6fe094d&storeId=JOHN-S-STORE 200 - 2ms - IP: ::1
[2026-09-21T11:27:39.778Z] [GET] /api/transactions?retailerId=cedc0064-0c9e-445e-9649-d344d6fe094d&storeId=JOHN-S-STORE 304 - 2ms - IP: ::1
[2026-09-21T11:27:39.777Z] [AUDIT] Action invoked on route: [GET] /api/transactions?retailerId=cedc0064-0c9e-445e-9649-d344d6fe094d&storeId=JOHN-S-STORE
[2026-09-21T11:27:39.781Z] [GET] /api/purchase-orders?retailerId=cedc0064-0c9e-445e-9649-d344d6fe094d&storeId=JOHN-S-STORE 304 - 1ms - IP: ::1
[2026-09-21T11:27:39.783Z] [GET] /api/returns?retailerId=cedc0064-0c9e-445e-9649-d344d6fe094d&storeId=JOHN-S-STORE 304 - 1ms - IP: ::1
[2026-09-21T11:27:39.785Z] [GET] /api/suppliers 200 - 2ms - IP: ::1
[2026-09-21T11:27:39.783Z] [SUPPLIER-ROUTER-MIDDLEWARE] [GET] /api/suppliers | Client: Mozilla/5.0 (Windows NT 10.0; Win64; x64) AppleWebKit/537.36 (KHTML, like Gecko) Chrome/153.0.0.0 Safari/537.36
[2026-09-21T11:30:17.370Z] [GET] /api/products 200 - 3ms - IP: ::1
[2026-09-21T11:30:17.372Z] [GET] /api/purchase-orders 200 - 1ms - IP: ::1
[2026-09-21T11:30:17.373Z] [GET] /api/returns 304 - 1ms - IP: ::1
[2026-09-21T11:30:17.374Z] [SUPPLIER-ROUTER-MIDDLEWARE] [GET] /api/suppliers | Client: Mozilla/5.0 (Windows NT 10.0; Win64; x64) AppleWebKit/537.36 (KHTML, like Gecko) Chrome/153.0.0.0 Safari/537.36
[2026-09-21T11:30:17.375Z] [GET] /api/suppliers 200 - 1ms - IP: ::1
[2026-09-21T11:30:17.379Z] [GET] /api/platform-revenue/subscriptions/active?userId=cedc0064-0c9e-445e-9649-d344d6fe094d 404 - 3ms - IP: ::1
[2026-09-21T11:30:17.380Z] [GET] /api/customers 200 - 0ms - IP: ::1
[2026-09-21T11:30:17.382Z] [AUDIT] Action invoked on route: [GET] /api/transactions
[2026-09-21T11:30:17.383Z] [GET] /api/transactions 304 - 1ms - IP: ::1
[2026-09-21T11:30:17.429Z] [GET] /api/customers 304 - 1ms - IP: ::1
[2026-09-21T11:30:17.430Z] [AUDIT] Action invoked on route: [GET] /api/transactions
[2026-09-21T11:30:17.431Z] [GET] /api/transactions 304 - 1ms - IP: ::1
[2026-09-21T11:30:17.432Z] [GET] /api/purchase-orders 304 - 1ms - IP: ::1
[2026-09-21T11:30:17.434Z] [GET] /api/products 304 - 1ms - IP: ::1
[2026-09-21T11:30:17.435Z] [GET] /api/returns 304 - 1ms - IP: ::1
[2026-09-21T11:30:17.437Z] [SUPPLIER-ROUTER-MIDDLEWARE] [GET] /api/suppliers | Client: Mozilla/5.0 (Windows NT 10.0; Win64; x64) AppleWebKit/537.36 (KHTML, like Gecko) Chrome/153.0.0.0 Safari/537.36
[2026-09-21T11:30:17.438Z] [GET] /api/suppliers 304 - 1ms - IP: ::1
[2026-09-21T11:30:17.441Z] [GET] /api/platform-revenue/subscriptions/active?userId=cedc0064-0c9e-445e-9649-d344d6fe094d 404 - 2ms - IP: ::1
[2026-09-21T11:32:41.248Z] [GET] /api/products 304 - 1ms - IP: ::1
[2026-09-21T11:32:41.259Z] [GET] /api/products 304 - 3ms - IP: ::1
[2026-09-21T11:34:13.157Z] [GET] /api/products 304 - 2ms - IP: ::1
[2026-09-21T11:34:13.166Z] [GET] /api/products 304 - 1ms - IP: ::1
[2026-09-21T11:34:13.197Z] [SUPPLIER-ROUTER-MIDDLEWARE] [GET] /api/suppliers | Client: Mozilla/5.0 (Windows NT 10.0; Win64; x64) AppleWebKit/537.36 (KHTML, like Gecko) Chrome/153.0.0.0 Safari/537.36
[2026-09-21T11:34:13.199Z] [GET] /api/suppliers 304 - 2ms - IP: ::1
[2026-09-21T11:34:13.205Z] [SUPPLIER-ROUTER-MIDDLEWARE] [GET] /api/suppliers | Client: Mozilla/5.0 (Windows NT 10.0; Win64; x64) AppleWebKit/537.36 (KHTML, like Gecko) Chrome/153.0.0.0 Safari/537.36
[2026-09-21T11:34:13.206Z] [GET] /api/suppliers 304 - 1ms - IP: ::1
[2026-09-21T11:34:13.210Z] [GET] /api/stores 200 - 1ms - IP: ::1
[2026-09-21T11:34:13.215Z] [GET] /api/stores 304 - 1ms - IP: ::1
[2026-09-21T11:34:55.330Z] [GET] /api/products 304 - 3ms - IP: ::1
[2026-09-21T11:34:55.340Z] [GET] /api/products 304 - 1ms - IP: ::1
[2026-09-21T11:34:55.343Z] [SUPPLIER-ROUTER-MIDDLEWARE] [GET] /api/suppliers | Client: Mozilla/5.0 (Windows NT 10.0; Win64; x64) AppleWebKit/537.36 (KHTML, like Gecko) Chrome/153.0.0.0 Safari/537.36
[2026-09-21T11:34:55.345Z] [GET] /api/suppliers 304 - 2ms - IP: ::1
[2026-09-21T11:34:55.353Z] [SUPPLIER-ROUTER-MIDDLEWARE] [GET] /api/suppliers | Client: Mozilla/5.0 (Windows NT 10.0; Win64; x64) AppleWebKit/537.36 (KHTML, like Gecko) Chrome/153.0.0.0 Safari/537.36
[2026-09-21T11:34:55.355Z] [GET] /api/suppliers 304 - 2ms - IP: ::1
[2026-09-21T11:34:55.360Z] [GET] /api/stores 304 - 2ms - IP: ::1
[2026-09-21T11:34:55.371Z] [GET] /api/stores 304 - 1ms - IP: ::1
[2026-09-21T11:35:40.026Z] [GET] /api/products 304 - 2ms - IP: ::1
[2026-09-21T11:35:40.038Z] [GET] /api/products 304 - 2ms - IP: ::1
[2026-09-21T11:36:27.379Z] [GET] /api/products?retailerId=cedc0064-0c9e-445e-9649-d344d6fe094d 200 - 3ms - IP: ::1
[2026-09-21T11:36:27.408Z] [GET] /api/products?retailerId=cedc0064-0c9e-445e-9649-d344d6fe094d 304 - 2ms - IP: ::1
[2026-09-21T11:37:25.351Z] [GET] /api/products 304 - 2ms - IP: ::1
[2026-09-21T11:37:25.360Z] [GET] /api/products 304 - 1ms - IP: ::1
[2026-09-21T11:38:21.616Z] [GET] /api/products 304 - 2ms - IP: ::1
[2026-09-21T11:38:21.629Z] [GET] /api/products 304 - 2ms - IP: ::1
[2026-09-21T11:38:21.637Z] [GET] /api/stores 304 - 1ms - IP: ::1
[2026-09-21T11:38:21.645Z] [GET] /api/stores 304 - 0ms - IP: ::1
[2026-09-21T11:39:16.317Z] [GET] /api/products?retailerId=cedc0064-0c9e-445e-9649-d344d6fe094d 304 - 2ms - IP: ::1
[2026-09-21T11:39:16.322Z] [GET] /api/stock-adjustments 304 - 3ms - IP: ::1
[2026-09-21T11:39:16.327Z] [GET] /api/products?retailerId=cedc0064-0c9e-445e-9649-d344d6fe094d 304 - 1ms - IP: ::1
[2026-09-21T11:39:16.331Z] [GET] /api/stock-adjustments 304 - 1ms - IP: ::1
[2026-09-21T11:40:09.045Z] [GET] /api/customers 304 - 1ms - IP: ::1
[2026-09-21T11:40:09.051Z] [GET] /api/customers 304 - 1ms - IP: ::1
[2026-09-21T11:41:03.863Z] [AUDIT] Action invoked on route: [GET] /api/billers
[2026-09-21T11:41:03.866Z] [GET] /api/billers 304 - 3ms - IP: ::1
[2026-09-21T11:41:03.875Z] [AUDIT] Action invoked on route: [GET] /api/billers
[2026-09-21T11:41:03.877Z] [GET] /api/billers 304 - 1ms - IP: ::1
[2026-09-21T11:42:06.097Z] [GET] /api/suppliers 304 - 1ms - IP: ::1
[2026-09-21T11:42:06.096Z] [SUPPLIER-ROUTER-MIDDLEWARE] [GET] /api/suppliers | Client: Mozilla/5.0 (Windows NT 10.0; Win64; x64) AppleWebKit/537.36 (KHTML, like Gecko) Chrome/153.0.0.0 Safari/537.36
[2026-09-21T11:42:06.106Z] [SUPPLIER-ROUTER-MIDDLEWARE] [GET] /api/suppliers | Client: Mozilla/5.0 (Windows NT 10.0; Win64; x64) AppleWebKit/537.36 (KHTML, like Gecko) Chrome/153.0.0.0 Safari/537.36
[2026-09-21T11:42:06.108Z] [GET] /api/suppliers 304 - 2ms - IP: ::1
[2026-09-21T11:43:15.739Z] [GET] /api/products?retailerId=cedc0064-0c9e-445e-9649-d344d6fe094d 304 - 1ms - IP: ::1
[2026-09-21T11:43:15.750Z] [GET] /api/products?retailerId=cedc0064-0c9e-445e-9649-d344d6fe094d 304 - 2ms - IP: ::1
[2026-09-21T11:44:28.274Z] [GET] /api/purchase-orders 304 - 2ms - IP: ::1
[2026-09-21T11:44:28.284Z] [GET] /api/purchase-orders 304 - 1ms - IP: ::1
[2026-09-21T11:45:28.459Z] [GET] /api/returns 304 - 2ms - IP: ::1
[2026-09-21T11:45:28.467Z] [GET] /api/returns 304 - 1ms - IP: ::1
[2026-09-21T11:48:08.786Z] [GET] /api/products 304 - 1ms - IP: ::1
[2026-09-21T11:48:08.788Z] [GET] /api/customers 304 - 1ms - IP: ::1
[2026-09-21T11:48:08.792Z] [GET] /api/returns 304 - 2ms - IP: ::1
[2026-09-21T11:48:08.789Z] [GET] /api/purchase-orders 304 - 1ms - IP: ::1
[2026-09-21T11:48:08.792Z] [AUDIT] Action invoked on route: [GET] /api/transactions
[2026-09-21T11:48:08.794Z] [GET] /api/transactions 304 - 2ms - IP: ::1
[2026-09-21T11:48:08.800Z] [GET] /api/suppliers 304 - 3ms - IP: ::1
[2026-09-21T11:48:08.797Z] [SUPPLIER-ROUTER-MIDDLEWARE] [GET] /api/suppliers | Client: Mozilla/5.0 (Windows NT 10.0; Win64; x64) AppleWebKit/537.36 (KHTML, like Gecko) Chrome/153.0.0.0 Safari/537.36
[2026-09-21T11:48:08.804Z] [GET] /api/platform-revenue/subscriptions/active?userId=cedc0064-0c9e-445e-9649-d344d6fe094d 404 - 2ms - IP: ::1
[2026-09-21T11:48:08.875Z] [GET] /api/products 304 - 1ms - IP: ::1
[2026-09-21T11:48:08.876Z] [GET] /api/customers 304 - 0ms - IP: ::1
[2026-09-21T11:48:08.877Z] [GET] /api/transactions 304 - 1ms - IP: ::1
[2026-09-21T11:48:08.878Z] [GET] /api/purchase-orders 304 - 0ms - IP: ::1
[2026-09-21T11:48:08.876Z] [AUDIT] Action invoked on route: [GET] /api/transactions
[2026-09-21T11:48:08.882Z] [GET] /api/returns 304 - 1ms - IP: ::1
[2026-09-21T11:48:08.884Z] [GET] /api/suppliers 304 - 1ms - IP: ::1
[2026-09-21T11:48:08.883Z] [SUPPLIER-ROUTER-MIDDLEWARE] [GET] /api/suppliers | Client: Mozilla/5.0 (Windows NT 10.0; Win64; x64) AppleWebKit/537.36 (KHTML, like Gecko) Chrome/153.0.0.0 Safari/537.36
[2026-09-21T11:48:08.887Z] [GET] /api/platform-revenue/subscriptions/active?userId=cedc0064-0c9e-445e-9649-d344d6fe094d 404 - 2ms - IP: ::1
[2026-09-21T11:49:45.377Z] [GET] /api/products?retailerId=cedc0064-0c9e-445e-9649-d344d6fe094d&storeId=JOHN-S-STORE 200 - 1ms - IP: ::1
[2026-09-21T11:49:45.378Z] [GET] /api/customers?retailerId=cedc0064-0c9e-445e-9649-d344d6fe094d&storeId=JOHN-S-STORE 200 - 1ms - IP: ::1
[2026-09-21T11:49:45.378Z] [AUDIT] Action invoked on route: [GET] /api/transactions?retailerId=cedc0064-0c9e-445e-9649-d344d6fe094d&storeId=JOHN-S-STORE
[2026-09-21T11:49:45.380Z] [GET] /api/transactions?retailerId=cedc0064-0c9e-445e-9649-d344d6fe094d&storeId=JOHN-S-STORE 200 - 2ms - IP: ::1
[2026-09-21T11:49:45.381Z] [GET] /api/purchase-orders?retailerId=cedc0064-0c9e-445e-9649-d344d6fe094d&storeId=JOHN-S-STORE 200 - 1ms - IP: ::1
[2026-09-21T11:49:45.382Z] [GET] /api/returns?retailerId=cedc0064-0c9e-445e-9649-d344d6fe094d&storeId=JOHN-S-STORE 200 - 1ms - IP: ::1
[2026-09-21T11:49:45.383Z] [SUPPLIER-ROUTER-MIDDLEWARE] [GET] /api/suppliers | Client: Mozilla/5.0 (Windows NT 10.0; Win64; x64) AppleWebKit/537.36 (KHTML, like Gecko) Chrome/153.0.0.0 Safari/537.36
[2026-09-21T11:49:45.384Z] [GET] /api/suppliers 304 - 1ms - IP: ::1
[2026-09-21T11:49:45.387Z] [GET] /api/platform-revenue/subscriptions/active?userId=cedc0064-0c9e-445e-9649-d344d6fe094d 404 - 2ms - IP: ::1
[2026-09-21T11:49:45.413Z] [GET] /api/products?retailerId=cedc0064-0c9e-445e-9649-d344d6fe094d&storeId=JOHN-S-STORE 304 - 1ms - IP: ::1
[2026-09-21T11:49:45.416Z] [GET] /api/customers?retailerId=cedc0064-0c9e-445e-9649-d344d6fe094d&storeId=JOHN-S-STORE 304 - 0ms - IP: ::1
[2026-09-21T11:49:45.417Z] [AUDIT] Action invoked on route: [GET] /api/transactions?retailerId=cedc0064-0c9e-445e-9649-d344d6fe094d&storeId=JOHN-S-STORE
[2026-09-21T11:49:45.417Z] [GET] /api/transactions?retailerId=cedc0064-0c9e-445e-9649-d344d6fe094d&storeId=JOHN-S-STORE 304 - 0ms - IP: ::1
[2026-09-21T11:49:45.418Z] [GET] /api/purchase-orders?retailerId=cedc0064-0c9e-445e-9649-d344d6fe094d&storeId=JOHN-S-STORE 304 - 0ms - IP: ::1
[2026-09-21T11:49:45.419Z] [GET] /api/returns?retailerId=cedc0064-0c9e-445e-9649-d344d6fe094d&storeId=JOHN-S-STORE 304 - 0ms - IP: ::1
[2026-09-21T11:49:45.420Z] [SUPPLIER-ROUTER-MIDDLEWARE] [GET] /api/suppliers | Client: Mozilla/5.0 (Windows NT 10.0; Win64; x64) AppleWebKit/537.36 (KHTML, like Gecko) Chrome/153.0.0.0 Safari/537.36
[2026-09-21T11:49:45.420Z] [GET] /api/suppliers 304 - 0ms - IP: ::1
[2026-09-21T11:49:45.422Z] [GET] /api/platform-revenue/subscriptions/active?userId=cedc0064-0c9e-445e-9649-d344d6fe094d 404 - 1ms - IP: ::1
[2026-09-21T11:49:58.012Z] [GET] /api/products?retailerId=cedc0064-0c9e-445e-9649-d344d6fe094d&storeId=JOHN-S-STORE 304 - 1ms - IP: ::1
[2026-09-21T11:49:58.013Z] [GET] /api/customers?retailerId=cedc0064-0c9e-445e-9649-d344d6fe094d&storeId=JOHN-S-STORE 304 - 1ms - IP: ::1
[2026-09-21T11:49:58.013Z] [AUDIT] Action invoked on route: [GET] /api/transactions?retailerId=cedc0064-0c9e-445e-9649-d344d6fe094d&storeId=JOHN-S-STORE
[2026-09-21T11:49:58.014Z] [GET] /api/transactions?retailerId=cedc0064-0c9e-445e-9649-d344d6fe094d&storeId=JOHN-S-STORE 304 - 1ms - IP: ::1
[2026-09-21T11:49:58.014Z] [GET] /api/purchase-orders?retailerId=cedc0064-0c9e-445e-9649-d344d6fe094d&storeId=JOHN-S-STORE 304 - 0ms - IP: ::1
[2026-09-21T11:49:58.015Z] [GET] /api/returns?retailerId=cedc0064-0c9e-445e-9649-d344d6fe094d&storeId=JOHN-S-STORE 304 - 0ms - IP: ::1
[2026-09-21T11:49:58.016Z] [GET] /api/suppliers 304 - 0ms - IP: ::1
[2026-09-21T11:49:58.016Z] [SUPPLIER-ROUTER-MIDDLEWARE] [GET] /api/suppliers | Client: Mozilla/5.0 (Windows NT 10.0; Win64; x64) AppleWebKit/537.36 (KHTML, like Gecko) Chrome/153.0.0.0 Safari/537.36
[2026-09-21T11:49:58.018Z] [GET] /api/platform-revenue/subscriptions/active?userId=cedc0064-0c9e-445e-9649-d344d6fe094d 404 - 1ms - IP: ::1
[2026-09-21T11:49:58.049Z] [GET] /api/customers?retailerId=cedc0064-0c9e-445e-9649-d344d6fe094d&storeId=JOHN-S-STORE 304 - 0ms - IP: ::1
[2026-09-21T11:49:58.049Z] [GET] /api/products?retailerId=cedc0064-0c9e-445e-9649-d344d6fe094d&storeId=JOHN-S-STORE 304 - 1ms - IP: ::1
[2026-09-21T11:49:58.052Z] [AUDIT] Action invoked on route: [GET] /api/transactions?retailerId=cedc0064-0c9e-445e-9649-d344d6fe094d&storeId=JOHN-S-STORE
[2026-09-21T11:49:58.052Z] [GET] /api/transactions?retailerId=cedc0064-0c9e-445e-9649-d344d6fe094d&storeId=JOHN-S-STORE 304 - 0ms - IP: ::1
[2026-09-21T11:49:58.053Z] [GET] /api/purchase-orders?retailerId=cedc0064-0c9e-445e-9649-d344d6fe094d&storeId=JOHN-S-STORE 304 - 0ms - IP: ::1
[2026-09-21T11:49:58.054Z] [GET] /api/returns?retailerId=cedc0064-0c9e-445e-9649-d344d6fe094d&storeId=JOHN-S-STORE 304 - 1ms - IP: ::1
[2026-09-21T11:49:58.054Z] [SUPPLIER-ROUTER-MIDDLEWARE] [GET] /api/suppliers | Client: Mozilla/5.0 (Windows NT 10.0; Win64; x64) AppleWebKit/537.36 (KHTML, like Gecko) Chrome/153.0.0.0 Safari/537.36
[2026-09-21T11:49:58.054Z] [GET] /api/suppliers 304 - 0ms - IP: ::1
[2026-09-21T11:49:58.055Z] [GET] /api/platform-revenue/subscriptions/active?userId=cedc0064-0c9e-445e-9649-d344d6fe094d 404 - 0ms - IP: ::1
[2026-09-21T11:50:11.700Z] [GET] /api/products?retailerId=cedc0064-0c9e-445e-9649-d344d6fe094d&storeId=JOHN-S-STORE 304 - 0ms - IP: ::1
[2026-09-21T11:50:11.701Z] [GET] /api/customers?retailerId=cedc0064-0c9e-445e-9649-d344d6fe094d&storeId=JOHN-S-STORE 304 - 0ms - IP: ::1
[2026-09-21T11:50:11.702Z] [AUDIT] Action invoked on route: [GET] /api/transactions?retailerId=cedc0064-0c9e-445e-9649-d344d6fe094d&storeId=JOHN-S-STORE
[2026-09-21T11:50:11.703Z] [GET] /api/transactions?retailerId=cedc0064-0c9e-445e-9649-d344d6fe094d&storeId=JOHN-S-STORE 304 - 1ms - IP: ::1
[2026-09-21T11:50:11.704Z] [GET] /api/purchase-orders?retailerId=cedc0064-0c9e-445e-9649-d344d6fe094d&storeId=JOHN-S-STORE 304 - 1ms - IP: ::1
[2026-09-21T11:50:11.705Z] [GET] /api/returns?retailerId=cedc0064-0c9e-445e-9649-d344d6fe094d&storeId=JOHN-S-STORE 304 - 1ms - IP: ::1
[2026-09-21T11:50:11.705Z] [SUPPLIER-ROUTER-MIDDLEWARE] [GET] /api/suppliers | Client: Mozilla/5.0 (Windows NT 10.0; Win64; x64) AppleWebKit/537.36 (KHTML, like Gecko) Chrome/153.0.0.0 Safari/537.36
[2026-09-21T11:50:11.706Z] [GET] /api/suppliers 304 - 1ms - IP: ::1
[2026-09-21T11:50:11.707Z] [GET] /api/platform-revenue/subscriptions/active?userId=cedc0064-0c9e-445e-9649-d344d6fe094d 404 - 1ms - IP: ::1
[2026-09-21T11:50:11.738Z] [GET] /api/products?retailerId=cedc0064-0c9e-445e-9649-d344d6fe094d&storeId=JOHN-S-STORE 304 - 0ms - IP: ::1
[2026-09-21T11:50:11.739Z] [GET] /api/customers?retailerId=cedc0064-0c9e-445e-9649-d344d6fe094d&storeId=JOHN-S-STORE 304 - 0ms - IP: ::1
[2026-09-21T11:50:11.739Z] [AUDIT] Action invoked on route: [GET] /api/transactions?retailerId=cedc0064-0c9e-445e-9649-d344d6fe094d&storeId=JOHN-S-STORE
[2026-09-21T11:50:11.739Z] [GET] /api/transactions?retailerId=cedc0064-0c9e-445e-9649-d344d6fe094d&storeId=JOHN-S-STORE 304 - 0ms - IP: ::1
[2026-09-21T11:50:11.742Z] [GET] /api/returns?retailerId=cedc0064-0c9e-445e-9649-d344d6fe094d&storeId=JOHN-S-STORE 304 - 1ms - IP: ::1
[2026-09-21T11:50:11.741Z] [GET] /api/purchase-orders?retailerId=cedc0064-0c9e-445e-9649-d344d6fe094d&storeId=JOHN-S-STORE 304 - 0ms - IP: ::1
[2026-09-21T11:50:11.742Z] [SUPPLIER-ROUTER-MIDDLEWARE] [GET] /api/suppliers | Client: Mozilla/5.0 (Windows NT 10.0; Win64; x64) AppleWebKit/537.36 (KHTML, like Gecko) Chrome/153.0.0.0 Safari/537.36
[2026-09-21T11:50:11.742Z] [GET] /api/suppliers 304 - 0ms - IP: ::1
[2026-09-21T11:50:11.743Z] [GET] /api/platform-revenue/subscriptions/active?userId=cedc0064-0c9e-445e-9649-d344d6fe094d 404 - 0ms - IP: ::1
[2026-09-21T11:51:54.353Z] [GET] /api/customers?retailerId=cedc0064-0c9e-445e-9649-d344d6fe094d&storeId=JOHN-S-STORE 304 - 0ms - IP: ::1
[2026-09-21T11:51:54.354Z] [GET] /api/products?retailerId=cedc0064-0c9e-445e-9649-d344d6fe094d&storeId=JOHN-S-STORE 304 - 1ms - IP: ::1
[2026-09-21T11:51:54.355Z] [AUDIT] Action invoked on route: [GET] /api/transactions?retailerId=cedc0064-0c9e-445e-9649-d344d6fe094d&storeId=JOHN-S-STORE
[2026-09-21T11:51:54.355Z] [GET] /api/transactions?retailerId=cedc0064-0c9e-445e-9649-d344d6fe094d&storeId=JOHN-S-STORE 304 - 0ms - IP: ::1
[2026-09-21T11:51:54.356Z] [GET] /api/purchase-orders?retailerId=cedc0064-0c9e-445e-9649-d344d6fe094d&storeId=JOHN-S-STORE 304 - 0ms - IP: ::1
[2026-09-21T11:51:54.356Z] [GET] /api/returns?retailerId=cedc0064-0c9e-445e-9649-d344d6fe094d&storeId=JOHN-S-STORE 304 - 0ms - IP: ::1
[2026-09-21T11:51:54.357Z] [SUPPLIER-ROUTER-MIDDLEWARE] [GET] /api/suppliers | Client: Mozilla/5.0 (Windows NT 10.0; Win64; x64) AppleWebKit/537.36 (KHTML, like Gecko) Chrome/153.0.0.0 Safari/537.36
[2026-09-21T11:51:54.357Z] [GET] /api/suppliers 304 - 0ms - IP: ::1
[2026-09-21T11:51:54.358Z] [GET] /api/platform-revenue/subscriptions/active?userId=cedc0064-0c9e-445e-9649-d344d6fe094d 404 - 0ms - IP: ::1
[2026-09-21T11:51:54.391Z] [GET] /api/returns?retailerId=cedc0064-0c9e-445e-9649-d344d6fe094d&storeId=JOHN-S-STORE 304 - 1ms - IP: ::1
[2026-09-21T11:51:54.392Z] [GET] /api/products?retailerId=cedc0064-0c9e-445e-9649-d344d6fe094d&storeId=JOHN-S-STORE 304 - 1ms - IP: ::1
[2026-09-21T11:51:54.396Z] [GET] /api/customers?retailerId=cedc0064-0c9e-445e-9649-d344d6fe094d&storeId=JOHN-S-STORE 304 - 1ms - IP: ::1
[2026-09-21T11:51:54.397Z] [AUDIT] Action invoked on route: [GET] /api/transactions?retailerId=cedc0064-0c9e-445e-9649-d344d6fe094d&storeId=JOHN-S-STORE
[2026-09-21T11:51:54.398Z] [GET] /api/transactions?retailerId=cedc0064-0c9e-445e-9649-d344d6fe094d&storeId=JOHN-S-STORE 304 - 1ms - IP: ::1
[2026-09-21T11:51:54.399Z] [GET] /api/purchase-orders?retailerId=cedc0064-0c9e-445e-9649-d344d6fe094d&storeId=JOHN-S-STORE 304 - 1ms - IP: ::1
[2026-09-21T11:51:54.399Z] [SUPPLIER-ROUTER-MIDDLEWARE] [GET] /api/suppliers | Client: Mozilla/5.0 (Windows NT 10.0; Win64; x64) AppleWebKit/537.36 (KHTML, like Gecko) Chrome/153.0.0.0 Safari/537.36
[2026-09-21T11:51:54.400Z] [GET] /api/suppliers 304 - 1ms - IP: ::1
[2026-09-21T11:51:54.402Z] [GET] /api/returns?retailerId=cedc0064-0c9e-445e-9649-d344d6fe094d&storeId=JOHN-S-STORE 304 - 1ms - IP: ::1
[2026-09-21T11:51:54.404Z] [GET] /api/products?retailerId=cedc0064-0c9e-445e-9649-d344d6fe094d&storeId=JOHN-S-STORE 304 - 2ms - IP: ::1
[2026-09-21T11:51:54.405Z] [GET] /api/platform-revenue/subscriptions/active?userId=cedc0064-0c9e-445e-9649-d344d6fe094d 404 - 1ms - IP: ::1
[2026-09-21T11:51:54.414Z] [GET] /api/returns?retailerId=cedc0064-0c9e-445e-9649-d344d6fe094d&storeId=JOHN-S-STORE 304 - 0ms - IP: ::1
[2026-09-21T11:51:54.416Z] [GET] /api/products?retailerId=cedc0064-0c9e-445e-9649-d344d6fe094d&storeId=JOHN-S-STORE 304 - 1ms - IP: ::1
[2026-09-21T12:00:55.154Z] [GET] /api/stock-adjustments?retailerId=cedc0064-0c9e-445e-9649-d344d6fe094d&storeId=JOHN-S-STORE 200 - 1ms - IP: ::1
[2026-09-21T12:00:55.157Z] [GET] /api/products?retailerId=cedc0064-0c9e-445e-9649-d344d6fe094d&storeId=JOHN-S-STORE 304 - 2ms - IP: ::1
[2026-09-21T12:00:55.160Z] [GET] /api/returns?retailerId=cedc0064-0c9e-445e-9649-d344d6fe094d&storeId=JOHN-S-STORE 304 - 1ms - IP: ::1
[2026-09-21T12:00:55.168Z] [GET] /api/stock-adjustments?retailerId=cedc0064-0c9e-445e-9649-d344d6fe094d&storeId=JOHN-S-STORE 304 - 2ms - IP: ::1
[2026-09-21T12:00:55.172Z] [GET] /api/products?retailerId=cedc0064-0c9e-445e-9649-d344d6fe094d&storeId=JOHN-S-STORE 304 - 1ms - IP: ::1
[2026-09-21T12:00:55.182Z] [GET] /api/products?retailerId=cedc0064-0c9e-445e-9649-d344d6fe094d&storeId=JOHN-S-STORE 304 - 1ms - IP: ::1
[2026-09-21T12:01:54.324Z] [GET] /api/customers?retailerId=cedc0064-0c9e-445e-9649-d344d6fe094d&storeId=JOHN-S-STORE 304 - 1ms - IP: ::1
[2026-09-21T12:01:54.326Z] [GET] /api/products?retailerId=cedc0064-0c9e-445e-9649-d344d6fe094d&storeId=JOHN-S-STORE 304 - 1ms - IP: ::1
[2026-09-21T12:01:54.328Z] [GET] /api/returns?retailerId=cedc0064-0c9e-445e-9649-d344d6fe094d&storeId=JOHN-S-STORE 304 - 1ms - IP: ::1
[2026-09-21T12:01:54.333Z] [GET] /api/customers?retailerId=cedc0064-0c9e-445e-9649-d344d6fe094d&storeId=JOHN-S-STORE 304 - 1ms - IP: ::1
[2026-09-21T12:03:01.418Z] [AUDIT] Action invoked on route: [GET] /api/billers?retailerId=cedc0064-0c9e-445e-9649-d344d6fe094d&storeId=JOHN-S-STORE
[2026-09-21T12:03:01.419Z] [GET] /api/billers?retailerId=cedc0064-0c9e-445e-9649-d344d6fe094d&storeId=JOHN-S-STORE 200 - 1ms - IP: ::1
[2026-09-21T12:03:01.424Z] [GET] /api/returns?retailerId=cedc0064-0c9e-445e-9649-d344d6fe094d&storeId=JOHN-S-STORE 304 - 2ms - IP: ::1
[2026-09-21T12:03:01.427Z] [GET] /api/products?retailerId=cedc0064-0c9e-445e-9649-d344d6fe094d&storeId=JOHN-S-STORE 304 - 2ms - IP: ::1
[2026-09-21T12:03:01.429Z] [AUDIT] Action invoked on route: [GET] /api/billers?retailerId=cedc0064-0c9e-445e-9649-d344d6fe094d&storeId=JOHN-S-STORE
[2026-09-21T12:03:01.431Z] [GET] /api/billers?retailerId=cedc0064-0c9e-445e-9649-d344d6fe094d&storeId=JOHN-S-STORE 304 - 2ms - IP: ::1
[2026-09-21T12:04:04.533Z] [SUPPLIER-ROUTER-MIDDLEWARE] [GET] /api/suppliers | Client: Mozilla/5.0 (Windows NT 10.0; Win64; x64) AppleWebKit/537.36 (KHTML, like Gecko) Chrome/153.0.0.0 Safari/537.36
[2026-09-21T12:04:04.534Z] [GET] /api/suppliers 304 - 1ms - IP: ::1
[2026-09-21T12:04:04.535Z] [GET] /api/returns?retailerId=cedc0064-0c9e-445e-9649-d344d6fe094d&storeId=JOHN-S-STORE 304 - 0ms - IP: ::1
[2026-09-21T12:04:04.537Z] [GET] /api/products?retailerId=cedc0064-0c9e-445e-9649-d344d6fe094d&storeId=JOHN-S-STORE 304 - 1ms - IP: ::1
[2026-09-21T12:04:04.540Z] [SUPPLIER-ROUTER-MIDDLEWARE] [GET] /api/suppliers | Client: Mozilla/5.0 (Windows NT 10.0; Win64; x64) AppleWebKit/537.36 (KHTML, like Gecko) Chrome/153.0.0.0 Safari/537.36
[2026-09-21T12:04:04.542Z] [GET] /api/suppliers 304 - 2ms - IP: ::1
[2026-09-21T12:07:08.971Z] [GET] /api/purchase-orders?retailerId=cedc0064-0c9e-445e-9649-d344d6fe094d&storeId=JOHN-S-STORE 304 - 1ms - IP: ::1
[2026-09-21T12:07:08.973Z] [SUPPLIER-ROUTER-MIDDLEWARE] [GET] /api/suppliers | Client: Mozilla/5.0 (Windows NT 10.0; Win64; x64) AppleWebKit/537.36 (KHTML, like Gecko) Chrome/153.0.0.0 Safari/537.36
[2026-09-21T12:07:08.974Z] [GET] /api/suppliers 304 - 2ms - IP: ::1
[2026-09-21T12:07:08.977Z] [GET] /api/products?retailerId=cedc0064-0c9e-445e-9649-d344d6fe094d&storeId=JOHN-S-STORE 304 - 2ms - IP: ::1
[2026-09-21T12:07:08.980Z] [GET] /api/returns?retailerId=cedc0064-0c9e-445e-9649-d344d6fe094d&storeId=JOHN-S-STORE 304 - 2ms - IP: ::1
[2026-09-21T12:07:08.983Z] [GET] /api/purchase-orders?retailerId=cedc0064-0c9e-445e-9649-d344d6fe094d&storeId=JOHN-S-STORE 304 - 2ms - IP: ::1
[2026-09-21T12:07:08.990Z] [GET] /api/suppliers 304 - 1ms - IP: ::1
[2026-09-21T12:07:08.989Z] [SUPPLIER-ROUTER-MIDDLEWARE] [GET] /api/suppliers | Client: Mozilla/5.0 (Windows NT 10.0; Win64; x64) AppleWebKit/537.36 (KHTML, like Gecko) Chrome/153.0.0.0 Safari/537.36
[2026-09-21T12:07:08.993Z] [GET] /api/products?retailerId=cedc0064-0c9e-445e-9649-d344d6fe094d&storeId=JOHN-S-STORE 304 - 2ms - IP: ::1
[2026-09-21T12:07:09.001Z] [GET] /api/products?retailerId=cedc0064-0c9e-445e-9649-d344d6fe094d&storeId=JOHN-S-STORE 304 - 1ms - IP: ::1
[2026-09-21T12:08:20.210Z] [GET] /api/products?retailerId=cedc0064-0c9e-445e-9649-d344d6fe094d&storeId=JOHN-S-STORE 304 - 2ms - IP: ::1
[2026-09-21T12:08:20.214Z] [GET] /api/returns?retailerId=cedc0064-0c9e-445e-9649-d344d6fe094d&storeId=JOHN-S-STORE 304 - 2ms - IP: ::1
[2026-09-21T12:08:20.225Z] [GET] /api/returns?retailerId=cedc0064-0c9e-445e-9649-d344d6fe094d&storeId=JOHN-S-STORE 304 - 2ms - IP: ::1
[2026-09-21T12:08:20.233Z] [GET] /api/returns?retailerId=cedc0064-0c9e-445e-9649-d344d6fe094d&storeId=JOHN-S-STORE 304 - 1ms - IP: ::1
[2026-09-21T12:11:04.811Z] [GET] /api/returns?retailerId=cedc0064-0c9e-445e-9649-d344d6fe094d&storeId=JOHN-S-STORE 304 - 1ms - IP: ::1
[2026-09-21T12:11:04.815Z] [GET] /api/products?retailerId=cedc0064-0c9e-445e-9649-d344d6fe094d&storeId=JOHN-S-STORE 304 - 2ms - IP: ::1
[2026-09-21T12:12:43.579Z] [GET] /api/returns?retailerId=cedc0064-0c9e-445e-9649-d344d6fe094d&storeId=JOHN-S-STORE 304 - 1ms - IP: ::1
[2026-09-21T12:12:43.584Z] [GET] /api/products?retailerId=cedc0064-0c9e-445e-9649-d344d6fe094d&storeId=JOHN-S-STORE 304 - 3ms - IP: ::1
[2026-09-21T12:15:18.201Z] [POST] /api/users/login 201 - 14ms - IP: ::1
[2026-09-21T12:15:18.260Z] [GET] /api/products?retailerId=cedc0064-0c9e-445e-9649-d344d6fe094d&storeId=JOHN-S-STORE 304 - 1ms - IP: ::1
[2026-09-21T12:15:18.265Z] [AUDIT] Action invoked on route: [GET] /api/transactions?retailerId=cedc0064-0c9e-445e-9649-d344d6fe094d&storeId=JOHN-S-STORE
[2026-09-21T12:15:18.267Z] [GET] /api/transactions?retailerId=cedc0064-0c9e-445e-9649-d344d6fe094d&storeId=JOHN-S-STORE 304 - 3ms - IP: ::1
[2026-09-21T12:15:18.269Z] [GET] /api/purchase-orders?retailerId=cedc0064-0c9e-445e-9649-d344d6fe094d&storeId=JOHN-S-STORE 304 - 1ms - IP: ::1
[2026-09-21T12:15:18.270Z] [GET] /api/customers?retailerId=cedc0064-0c9e-445e-9649-d344d6fe094d&storeId=JOHN-S-STORE 304 - 0ms - IP: ::1
[2026-09-21T12:15:18.272Z] [GET] /api/returns?retailerId=cedc0064-0c9e-445e-9649-d344d6fe094d&storeId=JOHN-S-STORE 304 - 0ms - IP: ::1
[2026-09-21T12:15:18.274Z] [SUPPLIER-ROUTER-MIDDLEWARE] [GET] /api/suppliers | Client: Mozilla/5.0 (Windows NT 10.0; Win64; x64) AppleWebKit/537.36 (KHTML, like Gecko) Chrome/153.0.0.0 Safari/537.36
[2026-09-21T12:15:18.275Z] [GET] /api/suppliers 304 - 1ms - IP: ::1
[2026-09-21T12:15:18.279Z] [GET] /api/platform-revenue/subscriptions/active?userId=cedc0064-0c9e-445e-9649-d344d6fe094d 404 - 1ms - IP: ::1
[2026-09-21T12:15:18.290Z] [GET] /api/returns?retailerId=cedc0064-0c9e-445e-9649-d344d6fe094d&storeId=JOHN-S-STORE 304 - 2ms - IP: ::1
[2026-09-21T12:15:18.292Z] [GET] /api/products?retailerId=cedc0064-0c9e-445e-9649-d344d6fe094d&storeId=JOHN-S-STORE 304 - 1ms - IP: ::1
[2026-09-21T12:15:18.296Z] [AUDIT] Action invoked on route: [GET] /api/transactions?retailerId=cedc0064-0c9e-445e-9649-d344d6fe094d&storeId=JOHN-S-STORE
[2026-09-21T12:15:18.298Z] [GET] /api/transactions?retailerId=cedc0064-0c9e-445e-9649-d344d6fe094d&storeId=JOHN-S-STORE 304 - 2ms - IP: ::1
[2026-09-21T12:15:18.299Z] [GET] /api/customers?retailerId=cedc0064-0c9e-445e-9649-d344d6fe094d&storeId=JOHN-S-STORE 304 - 0ms - IP: ::1
[2026-09-21T12:15:18.301Z] [GET] /api/purchase-orders?retailerId=cedc0064-0c9e-445e-9649-d344d6fe094d&storeId=JOHN-S-STORE 304 - 1ms - IP: ::1
[2026-09-21T12:15:18.303Z] [SUPPLIER-ROUTER-MIDDLEWARE] [GET] /api/suppliers | Client: Mozilla/5.0 (Windows NT 10.0; Win64; x64) AppleWebKit/537.36 (KHTML, like Gecko) Chrome/153.0.0.0 Safari/537.36
[2026-09-21T12:15:18.304Z] [GET] /api/suppliers 304 - 1ms - IP: ::1
[2026-09-21T12:15:18.307Z] [GET] /api/platform-revenue/subscriptions/active?userId=cedc0064-0c9e-445e-9649-d344d6fe094d 404 - 1ms - IP: ::1
[2026-09-21T12:15:18.310Z] [GET] /api/returns?retailerId=cedc0064-0c9e-445e-9649-d344d6fe094d&storeId=JOHN-S-STORE 304 - 2ms - IP: ::1
[2026-09-21T12:15:18.315Z] [GET] /api/products?retailerId=cedc0064-0c9e-445e-9649-d344d6fe094d&storeId=JOHN-S-STORE 304 - 2ms - IP: ::1
[2026-09-21T12:15:18.327Z] [GET] /api/returns?retailerId=cedc0064-0c9e-445e-9649-d344d6fe094d&storeId=JOHN-S-STORE 304 - 0ms - IP: ::1
[2026-09-21T12:15:18.329Z] [GET] /api/products?retailerId=cedc0064-0c9e-445e-9649-d344d6fe094d&storeId=JOHN-S-STORE 304 - 1ms - IP: ::1
[2026-09-21T12:15:27.862Z] [GET] /api/returns?retailerId=cedc0064-0c9e-445e-9649-d344d6fe094d&storeId=JOHN-S-STORE 304 - 1ms - IP: ::1
[2026-09-21T12:15:27.864Z] [GET] /api/products?retailerId=cedc0064-0c9e-445e-9649-d344d6fe094d&storeId=JOHN-S-STORE 304 - 1ms - IP: ::1
[2026-09-21T12:15:27.867Z] [GET] /api/products?retailerId=cedc0064-0c9e-445e-9649-d344d6fe094d&storeId=JOHN-S-STORE 304 - 0ms - IP: ::1
[2026-09-21T12:15:27.871Z] [GET] /api/products?retailerId=cedc0064-0c9e-445e-9649-d344d6fe094d&storeId=JOHN-S-STORE 304 - 0ms - IP: ::1
[2026-09-21T12:15:29.517Z] [GET] /api/products?retailerId=cedc0064-0c9e-445e-9649-d344d6fe094d&storeId=JOHN-S-STORE 304 - 1ms - IP: ::1
[2026-09-21T12:15:29.518Z] [GET] /api/returns?retailerId=cedc0064-0c9e-445e-9649-d344d6fe094d&storeId=JOHN-S-STORE 304 - 1ms - IP: ::1
[2026-09-21T12:15:29.521Z] [GET] /api/products?retailerId=cedc0064-0c9e-445e-9649-d344d6fe094d&storeId=JOHN-S-STORE 304 - 1ms - IP: ::1
[2026-09-21T12:15:29.525Z] [GET] /api/products?retailerId=cedc0064-0c9e-445e-9649-d344d6fe094d&storeId=JOHN-S-STORE 304 - 1ms - IP: ::1
[2026-09-21T12:15:29.532Z] [SUPPLIER-ROUTER-MIDDLEWARE] [GET] /api/suppliers | Client: Mozilla/5.0 (Windows NT 10.0; Win64; x64) AppleWebKit/537.36 (KHTML, like Gecko) Chrome/153.0.0.0 Safari/537.36
[2026-09-21T12:15:29.532Z] [GET] /api/suppliers 304 - 0ms - IP: ::1
[2026-09-21T12:15:29.536Z] [SUPPLIER-ROUTER-MIDDLEWARE] [GET] /api/suppliers | Client: Mozilla/5.0 (Windows NT 10.0; Win64; x64) AppleWebKit/537.36 (KHTML, like Gecko) Chrome/153.0.0.0 Safari/537.36
[2026-09-21T12:15:29.536Z] [GET] /api/suppliers 304 - 1ms - IP: ::1
[2026-09-21T12:15:29.560Z] [GET] /api/stores?retailerId=cedc0064-0c9e-445e-9649-d344d6fe094d&storeId=JOHN-S-STORE 200 - 1ms - IP: ::1
[2026-09-21T12:15:29.564Z] [GET] /api/stores?retailerId=cedc0064-0c9e-445e-9649-d344d6fe094d&storeId=JOHN-S-STORE 304 - 1ms - IP: ::1
[2026-09-21T12:15:33.977Z] [PUT] /api/products/13658856-119e-4599-8733-d73d00c19713?retailerId=cedc0064-0c9e-445e-9649-d344d6fe094d&storeId=JOHN-S-STORE 200 - 7ms - IP: ::1
[2026-09-21T12:15:35.186Z] [GET] /api/products?retailerId=cedc0064-0c9e-445e-9649-d344d6fe094d&storeId=JOHN-S-STORE 200 - 0ms - IP: ::1
[2026-09-21T12:15:35.187Z] [GET] /api/returns?retailerId=cedc0064-0c9e-445e-9649-d344d6fe094d&storeId=JOHN-S-STORE 304 - 0ms - IP: ::1
[2026-09-21T12:15:35.192Z] [GET] /api/products?retailerId=cedc0064-0c9e-445e-9649-d344d6fe094d&storeId=JOHN-S-STORE 304 - 1ms - IP: ::1
[2026-09-21T12:15:35.197Z] [GET] /api/products?retailerId=cedc0064-0c9e-445e-9649-d344d6fe094d&storeId=JOHN-S-STORE 304 - 0ms - IP: ::1
[2026-09-21T12:15:36.859Z] [GET] /api/products?retailerId=cedc0064-0c9e-445e-9649-d344d6fe094d&storeId=JOHN-S-STORE 304 - 1ms - IP: ::1
[2026-09-21T12:15:36.872Z] [GET] /api/returns?retailerId=cedc0064-0c9e-445e-9649-d344d6fe094d&storeId=JOHN-S-STORE 304 - 0ms - IP: ::1
[2026-09-21T12:15:36.874Z] [GET] /api/products?retailerId=cedc0064-0c9e-445e-9649-d344d6fe094d&storeId=JOHN-S-STORE 304 - 1ms - IP: ::1
[2026-09-21T12:15:36.878Z] [GET] /api/products?retailerId=cedc0064-0c9e-445e-9649-d344d6fe094d&storeId=JOHN-S-STORE 304 - 1ms - IP: ::1
[2026-09-21T12:15:38.028Z] [GET] /api/products?retailerId=cedc0064-0c9e-445e-9649-d344d6fe094d&storeId=JOHN-S-STORE 304 - 1ms - IP: ::1
[2026-09-21T12:15:38.030Z] [GET] /api/returns?retailerId=cedc0064-0c9e-445e-9649-d344d6fe094d&storeId=JOHN-S-STORE 304 - 1ms - IP: ::1
[2026-09-21T12:15:38.032Z] [GET] /api/products?retailerId=cedc0064-0c9e-445e-9649-d344d6fe094d&storeId=JOHN-S-STORE 304 - 0ms - IP: ::1
[2026-09-21T12:15:38.036Z] [GET] /api/products?retailerId=cedc0064-0c9e-445e-9649-d344d6fe094d&storeId=JOHN-S-STORE 304 - 1ms - IP: ::1
[2026-09-21T12:25:43.117Z] [GET] /api/products?retailerId=cedc0064-0c9e-445e-9649-d344d6fe094d&storeId=JOHN-S-STORE 304 - 1ms - IP: ::1
[2026-09-21T12:25:43.118Z] [GET] /api/customers?retailerId=cedc0064-0c9e-445e-9649-d344d6fe094d&storeId=JOHN-S-STORE 304 - 1ms - IP: ::1
[2026-09-21T12:25:43.118Z] [AUDIT] Action invoked on route: [GET] /api/transactions?retailerId=cedc0064-0c9e-445e-9649-d344d6fe094d&storeId=JOHN-S-STORE
[2026-09-21T12:25:43.119Z] [GET] /api/transactions?retailerId=cedc0064-0c9e-445e-9649-d344d6fe094d&storeId=JOHN-S-STORE 304 - 1ms - IP: ::1
[2026-09-21T12:25:43.119Z] [GET] /api/purchase-orders?retailerId=cedc0064-0c9e-445e-9649-d344d6fe094d&storeId=JOHN-S-STORE 304 - 0ms - IP: ::1
[2026-09-21T12:25:43.120Z] [SUPPLIER-ROUTER-MIDDLEWARE] [GET] /api/suppliers | Client: Mozilla/5.0 (Windows NT 10.0; Win64; x64) AppleWebKit/537.36 (KHTML, like Gecko) Chrome/153.0.0.0 Safari/537.36
[2026-09-21T12:25:43.121Z] [GET] /api/suppliers 304 - 1ms - IP: ::1
[2026-09-21T12:25:43.120Z] [GET] /api/returns?retailerId=cedc0064-0c9e-445e-9649-d344d6fe094d&storeId=JOHN-S-STORE 304 - 1ms - IP: ::1
[2026-09-21T12:25:43.123Z] [GET] /api/platform-revenue/subscriptions/active?userId=cedc0064-0c9e-445e-9649-d344d6fe094d 404 - 1ms - IP: ::1
[2026-09-21T12:25:43.146Z] [GET] /api/products?retailerId=cedc0064-0c9e-445e-9649-d344d6fe094d&storeId=JOHN-S-STORE 304 - 1ms - IP: ::1
[2026-09-21T12:25:43.145Z] [GET] /api/returns?retailerId=cedc0064-0c9e-445e-9649-d344d6fe094d&storeId=JOHN-S-STORE 304 - 1ms - IP: ::1
[2026-09-21T12:25:43.150Z] [AUDIT] Action invoked on route: [GET] /api/transactions?retailerId=cedc0064-0c9e-445e-9649-d344d6fe094d&storeId=JOHN-S-STORE
[2026-09-21T12:25:43.151Z] [GET] /api/transactions?retailerId=cedc0064-0c9e-445e-9649-d344d6fe094d&storeId=JOHN-S-STORE 304 - 1ms - IP: ::1
[2026-09-21T12:25:43.147Z] [GET] /api/customers?retailerId=cedc0064-0c9e-445e-9649-d344d6fe094d&storeId=JOHN-S-STORE 304 - 0ms - IP: ::1
[2026-09-21T12:25:43.153Z] [GET] /api/purchase-orders?retailerId=cedc0064-0c9e-445e-9649-d344d6fe094d&storeId=JOHN-S-STORE 304 - 0ms - IP: ::1
[2026-09-21T12:25:43.154Z] [SUPPLIER-ROUTER-MIDDLEWARE] [GET] /api/suppliers | Client: Mozilla/5.0 (Windows NT 10.0; Win64; x64) AppleWebKit/537.36 (KHTML, like Gecko) Chrome/153.0.0.0 Safari/537.36
[2026-09-21T12:25:43.156Z] [GET] /api/suppliers 304 - 2ms - IP: ::1
[2026-09-21T12:25:43.159Z] [GET] /api/platform-revenue/subscriptions/active?userId=cedc0064-0c9e-445e-9649-d344d6fe094d 404 - 2ms - IP: ::1
[2026-09-21T12:25:43.161Z] [GET] /api/returns?retailerId=cedc0064-0c9e-445e-9649-d344d6fe094d&storeId=JOHN-S-STORE 304 - 1ms - IP: ::1
[2026-09-21T12:25:43.163Z] [GET] /api/products?retailerId=cedc0064-0c9e-445e-9649-d344d6fe094d&storeId=JOHN-S-STORE 304 - 2ms - IP: ::1
[2026-09-21T12:25:43.168Z] [GET] /api/returns?retailerId=cedc0064-0c9e-445e-9649-d344d6fe094d&storeId=JOHN-S-STORE 304 - 1ms - IP: ::1
[2026-09-21T12:25:43.171Z] [GET] /api/products?retailerId=cedc0064-0c9e-445e-9649-d344d6fe094d&storeId=JOHN-S-STORE 304 - 1ms - IP: ::1
[2026-09-21T12:25:59.864Z] [GET] /api/products?retailerId=cedc0064-0c9e-445e-9649-d344d6fe094d&storeId=JOHN-S-STORE 304 - 1ms - IP: ::1
[2026-09-21T12:25:59.866Z] [GET] /api/returns?retailerId=cedc0064-0c9e-445e-9649-d344d6fe094d&storeId=JOHN-S-STORE 304 - 1ms - IP: ::1
[2026-09-21T12:25:59.868Z] [GET] /api/products?retailerId=cedc0064-0c9e-445e-9649-d344d6fe094d&storeId=JOHN-S-STORE 304 - 1ms - IP: ::1
[2026-09-21T12:25:59.873Z] [GET] /api/products?retailerId=cedc0064-0c9e-445e-9649-d344d6fe094d&storeId=JOHN-S-STORE 304 - 2ms - IP: ::1
[2026-09-21T12:26:01.246Z] [GET] /api/products?retailerId=cedc0064-0c9e-445e-9649-d344d6fe094d&storeId=JOHN-S-STORE 304 - 1ms - IP: ::1
[2026-09-21T12:26:01.247Z] [GET] /api/returns?retailerId=cedc0064-0c9e-445e-9649-d344d6fe094d&storeId=JOHN-S-STORE 304 - 0ms - IP: ::1
[2026-09-21T12:26:01.249Z] [GET] /api/products?retailerId=cedc0064-0c9e-445e-9649-d344d6fe094d&storeId=JOHN-S-STORE 304 - 0ms - IP: ::1
[2026-09-21T12:26:01.253Z] [GET] /api/products?retailerId=cedc0064-0c9e-445e-9649-d344d6fe094d&storeId=JOHN-S-STORE 304 - 1ms - IP: ::1
[2026-09-21T12:26:01.268Z] [SUPPLIER-ROUTER-MIDDLEWARE] [GET] /api/suppliers | Client: Mozilla/5.0 (Windows NT 10.0; Win64; x64) AppleWebKit/537.36 (KHTML, like Gecko) Chrome/153.0.0.0 Safari/537.36
[2026-09-21T12:26:01.269Z] [GET] /api/suppliers 304 - 1ms - IP: ::1
[2026-09-21T12:26:01.273Z] [SUPPLIER-ROUTER-MIDDLEWARE] [GET] /api/suppliers | Client: Mozilla/5.0 (Windows NT 10.0; Win64; x64) AppleWebKit/537.36 (KHTML, like Gecko) Chrome/153.0.0.0 Safari/537.36
[2026-09-21T12:26:01.273Z] [GET] /api/suppliers 304 - 0ms - IP: ::1
[2026-09-21T12:26:01.277Z] [GET] /api/stores?retailerId=cedc0064-0c9e-445e-9649-d344d6fe094d&storeId=JOHN-S-STORE 304 - 1ms - IP: ::1
[2026-09-21T12:26:01.282Z] [GET] /api/stores?retailerId=cedc0064-0c9e-445e-9649-d344d6fe094d&storeId=JOHN-S-STORE 304 - 1ms - IP: ::1
[2026-09-21T12:26:02.957Z] [GET] /api/products?retailerId=cedc0064-0c9e-445e-9649-d344d6fe094d&storeId=JOHN-S-STORE 304 - 1ms - IP: ::1
[2026-09-21T12:26:02.958Z] [GET] /api/returns?retailerId=cedc0064-0c9e-445e-9649-d344d6fe094d&storeId=JOHN-S-STORE 304 - 0ms - IP: ::1
[2026-09-21T12:26:02.962Z] [GET] /api/products?retailerId=cedc0064-0c9e-445e-9649-d344d6fe094d&storeId=JOHN-S-STORE 304 - 1ms - IP: ::1
[2026-09-21T12:26:02.963Z] [SUPPLIER-ROUTER-MIDDLEWARE] [GET] /api/suppliers | Client: Mozilla/5.0 (Windows NT 10.0; Win64; x64) AppleWebKit/537.36 (KHTML, like Gecko) Chrome/153.0.0.0 Safari/537.36
[2026-09-21T12:26:02.964Z] [GET] /api/suppliers 304 - 1ms - IP: ::1
[2026-09-21T12:26:02.967Z] [GET] /api/products?retailerId=cedc0064-0c9e-445e-9649-d344d6fe094d&storeId=JOHN-S-STORE 304 - 1ms - IP: ::1
[2026-09-21T12:26:02.970Z] [GET] /api/stores?retailerId=cedc0064-0c9e-445e-9649-d344d6fe094d&storeId=JOHN-S-STORE 304 - 0ms - IP: ::1
[2026-09-21T12:26:02.972Z] [SUPPLIER-ROUTER-MIDDLEWARE] [GET] /api/suppliers | Client: Mozilla/5.0 (Windows NT 10.0; Win64; x64) AppleWebKit/537.36 (KHTML, like Gecko) Chrome/153.0.0.0 Safari/537.36
[2026-09-21T12:26:02.972Z] [GET] /api/suppliers 304 - 0ms - IP: ::1
[2026-09-21T12:26:02.978Z] [GET] /api/stores?retailerId=cedc0064-0c9e-445e-9649-d344d6fe094d&storeId=JOHN-S-STORE 304 - 0ms - IP: ::1
[2026-09-21T12:26:03.363Z] [GET] /api/products?retailerId=cedc0064-0c9e-445e-9649-d344d6fe094d&storeId=JOHN-S-STORE 304 - 1ms - IP: ::1
[2026-09-21T12:26:03.380Z] [GET] /api/products?retailerId=cedc0064-0c9e-445e-9649-d344d6fe094d&storeId=JOHN-S-STORE 304 - 1ms - IP: ::1
[2026-09-21T12:26:03.382Z] [GET] /api/returns?retailerId=cedc0064-0c9e-445e-9649-d344d6fe094d&storeId=JOHN-S-STORE 304 - 1ms - IP: ::1
[2026-09-21T12:26:03.384Z] [GET] /api/products?retailerId=cedc0064-0c9e-445e-9649-d344d6fe094d&storeId=JOHN-S-STORE 304 - 1ms - IP: ::1
[2026-09-21T12:26:04.817Z] [GET] /api/products?retailerId=cedc0064-0c9e-445e-9649-d344d6fe094d&storeId=JOHN-S-STORE 304 - 0ms - IP: ::1
[2026-09-21T12:26:04.818Z] [GET] /api/returns?retailerId=cedc0064-0c9e-445e-9649-d344d6fe094d&storeId=JOHN-S-STORE 304 - 0ms - IP: ::1
[2026-09-21T12:26:04.821Z] [GET] /api/products?retailerId=cedc0064-0c9e-445e-9649-d344d6fe094d&storeId=JOHN-S-STORE 304 - 1ms - IP: ::1
[2026-09-21T12:26:04.824Z] [GET] /api/products?retailerId=cedc0064-0c9e-445e-9649-d344d6fe094d&storeId=JOHN-S-STORE 304 - 1ms - IP: ::1
[2026-09-21T12:26:05.534Z] [GET] /api/products?retailerId=cedc0064-0c9e-445e-9649-d344d6fe094d&storeId=JOHN-S-STORE 304 - 2ms - IP: ::1
[2026-09-21T12:26:05.538Z] [GET] /api/products?retailerId=cedc0064-0c9e-445e-9649-d344d6fe094d&storeId=JOHN-S-STORE 304 - 1ms - IP: ::1
[2026-09-21T12:26:05.540Z] [GET] /api/returns?retailerId=cedc0064-0c9e-445e-9649-d344d6fe094d&storeId=JOHN-S-STORE 304 - 1ms - IP: ::1
[2026-09-21T12:26:05.542Z] [GET] /api/products?retailerId=cedc0064-0c9e-445e-9649-d344d6fe094d&storeId=JOHN-S-STORE 304 - 1ms - IP: ::1
[2026-09-21T12:26:06.935Z] [GET] /api/products?retailerId=cedc0064-0c9e-445e-9649-d344d6fe094d&storeId=JOHN-S-STORE 304 - 1ms - IP: ::1
[2026-09-21T12:26:06.937Z] [GET] /api/returns?retailerId=cedc0064-0c9e-445e-9649-d344d6fe094d&storeId=JOHN-S-STORE 304 - 1ms - IP: ::1
[2026-09-21T12:26:06.939Z] [GET] /api/products?retailerId=cedc0064-0c9e-445e-9649-d344d6fe094d&storeId=JOHN-S-STORE 304 - 1ms - IP: ::1
[2026-09-21T12:26:06.942Z] [GET] /api/products?retailerId=cedc0064-0c9e-445e-9649-d344d6fe094d&storeId=JOHN-S-STORE 304 - 0ms - IP: ::1
[2026-09-21T12:26:09.326Z] [GET] /api/products?retailerId=cedc0064-0c9e-445e-9649-d344d6fe094d&storeId=JOHN-S-STORE 304 - 1ms - IP: ::1
[2026-09-21T12:26:09.330Z] [GET] /api/returns?retailerId=cedc0064-0c9e-445e-9649-d344d6fe094d&storeId=JOHN-S-STORE 304 - 0ms - IP: ::1
[2026-09-21T12:26:09.332Z] [GET] /api/products?retailerId=cedc0064-0c9e-445e-9649-d344d6fe094d&storeId=JOHN-S-STORE 304 - 1ms - IP: ::1
[2026-09-21T12:26:09.336Z] [GET] /api/products?retailerId=cedc0064-0c9e-445e-9649-d344d6fe094d&storeId=JOHN-S-STORE 304 - 1ms - IP: ::1
[2026-09-21T12:26:32.508Z] [GET] /api/returns?retailerId=cedc0064-0c9e-445e-9649-d344d6fe094d&storeId=JOHN-S-STORE 304 - 0ms - IP: ::1
[2026-09-21T12:26:32.509Z] [GET] /api/products?retailerId=cedc0064-0c9e-445e-9649-d344d6fe094d&storeId=JOHN-S-STORE 304 - 1ms - IP: ::1
[2026-09-21T12:26:32.513Z] [GET] /api/products?retailerId=cedc0064-0c9e-445e-9649-d344d6fe094d&storeId=JOHN-S-STORE 304 - 1ms - IP: ::1
[2026-09-21T12:26:32.518Z] [GET] /api/products?retailerId=cedc0064-0c9e-445e-9649-d344d6fe094d&storeId=JOHN-S-STORE 304 - 1ms - IP: ::1
[2026-09-21T12:26:47.752Z] [GET] /api/purchase-orders?retailerId=cedc0064-0c9e-445e-9649-d344d6fe094d&storeId=JOHN-S-STORE 304 - 1ms - IP: ::1
[2026-09-21T12:26:47.753Z] [SUPPLIER-ROUTER-MIDDLEWARE] [GET] /api/suppliers | Client: Mozilla/5.0 (Windows NT 10.0; Win64; x64) AppleWebKit/537.36 (KHTML, like Gecko) Chrome/153.0.0.0 Safari/537.36
[2026-09-21T12:26:47.754Z] [GET] /api/suppliers 304 - 1ms - IP: ::1
[2026-09-21T12:26:47.755Z] [GET] /api/products?retailerId=cedc0064-0c9e-445e-9649-d344d6fe094d&storeId=JOHN-S-STORE 304 - 1ms - IP: ::1
[2026-09-21T12:26:47.756Z] [GET] /api/returns?retailerId=cedc0064-0c9e-445e-9649-d344d6fe094d&storeId=JOHN-S-STORE 304 - 0ms - IP: ::1
[2026-09-21T12:26:47.759Z] [GET] /api/purchase-orders?retailerId=cedc0064-0c9e-445e-9649-d344d6fe094d&storeId=JOHN-S-STORE 304 - 1ms - IP: ::1
[2026-09-21T12:26:47.759Z] [SUPPLIER-ROUTER-MIDDLEWARE] [GET] /api/suppliers | Client: Mozilla/5.0 (Windows NT 10.0; Win64; x64) AppleWebKit/537.36 (KHTML, like Gecko) Chrome/153.0.0.0 Safari/537.36
[2026-09-21T12:26:47.760Z] [GET] /api/suppliers 304 - 1ms - IP: ::1
[2026-09-21T12:26:47.761Z] [GET] /api/products?retailerId=cedc0064-0c9e-445e-9649-d344d6fe094d&storeId=JOHN-S-STORE 304 - 1ms - IP: ::1
[2026-09-21T12:26:47.764Z] [GET] /api/products?retailerId=cedc0064-0c9e-445e-9649-d344d6fe094d&storeId=JOHN-S-STORE 304 - 1ms - IP: ::1
[2026-09-21T12:27:08.695Z] [GET] /api/returns?retailerId=cedc0064-0c9e-445e-9649-d344d6fe094d&storeId=JOHN-S-STORE 304 - 0ms - IP: ::1
[2026-09-21T12:27:08.697Z] [GET] /api/products?retailerId=cedc0064-0c9e-445e-9649-d344d6fe094d&storeId=JOHN-S-STORE 304 - 1ms - IP: ::1
[2026-09-21T12:27:08.699Z] [GET] /api/returns?retailerId=cedc0064-0c9e-445e-9649-d344d6fe094d&storeId=JOHN-S-STORE 304 - 1ms - IP: ::1
[2026-09-21T12:27:08.704Z] [GET] /api/returns?retailerId=cedc0064-0c9e-445e-9649-d344d6fe094d&storeId=JOHN-S-STORE 304 - 1ms - IP: ::1
[2026-09-21T12:27:11.492Z] [GET] /api/purchase-orders?retailerId=cedc0064-0c9e-445e-9649-d344d6fe094d&storeId=JOHN-S-STORE 304 - 0ms - IP: ::1
[2026-09-21T12:27:11.495Z] [GET] /api/products?retailerId=cedc0064-0c9e-445e-9649-d344d6fe094d&storeId=JOHN-S-STORE 304 - 1ms - IP: ::1
[2026-09-21T12:27:11.493Z] [SUPPLIER-ROUTER-MIDDLEWARE] [GET] /api/suppliers | Client: Mozilla/5.0 (Windows NT 10.0; Win64; x64) AppleWebKit/537.36 (KHTML, like Gecko) Chrome/153.0.0.0 Safari/537.36
[2026-09-21T12:27:11.494Z] [GET] /api/suppliers 304 - 1ms - IP: ::1
[2026-09-21T12:27:11.496Z] [GET] /api/returns?retailerId=cedc0064-0c9e-445e-9649-d344d6fe094d&storeId=JOHN-S-STORE 304 - 0ms - IP: ::1
[2026-09-21T12:27:11.498Z] [GET] /api/purchase-orders?retailerId=cedc0064-0c9e-445e-9649-d344d6fe094d&storeId=JOHN-S-STORE 304 - 1ms - IP: ::1
[2026-09-21T12:27:11.499Z] [SUPPLIER-ROUTER-MIDDLEWARE] [GET] /api/suppliers | Client: Mozilla/5.0 (Windows NT 10.0; Win64; x64) AppleWebKit/537.36 (KHTML, like Gecko) Chrome/153.0.0.0 Safari/537.36
[2026-09-21T12:27:11.501Z] [GET] /api/products?retailerId=cedc0064-0c9e-445e-9649-d344d6fe094d&storeId=JOHN-S-STORE 304 - 1ms - IP: ::1
[2026-09-21T12:27:11.500Z] [GET] /api/suppliers 304 - 1ms - IP: ::1
[2026-09-21T12:27:11.504Z] [GET] /api/products?retailerId=cedc0064-0c9e-445e-9649-d344d6fe094d&storeId=JOHN-S-STORE 304 - 0ms - IP: ::1
[2026-09-21T12:30:17.986Z] [SUPPLIER-ROUTER-MIDDLEWARE] [GET] /api/suppliers | Client: Mozilla/5.0 (Windows NT 10.0; Win64; x64) AppleWebKit/537.36 (KHTML, like Gecko) Chrome/153.0.0.0 Safari/537.36
[2026-09-21T12:30:17.987Z] [GET] /api/suppliers 304 - 1ms - IP: ::1
[2026-09-21T12:30:17.988Z] [GET] /api/purchase-orders?retailerId=cedc0064-0c9e-445e-9649-d344d6fe094d&storeId=JOHN-S-STORE 304 - 1ms - IP: ::1
[2026-09-21T12:30:17.991Z] [SUPPLIER-ROUTER-MIDDLEWARE] [GET] /api/suppliers | Client: Mozilla/5.0 (Windows NT 10.0; Win64; x64) AppleWebKit/537.36 (KHTML, like Gecko) Chrome/153.0.0.0 Safari/537.36
[2026-09-21T12:30:17.991Z] [GET] /api/suppliers 304 - 0ms - IP: ::1
[2026-09-21T12:30:17.992Z] [GET] /api/purchase-orders?retailerId=cedc0064-0c9e-445e-9649-d344d6fe094d&storeId=JOHN-S-STORE 304 - 0ms - IP: ::1
[2026-09-21T12:31:41.828Z] [GET] /api/products?retailerId=cedc0064-0c9e-445e-9649-d344d6fe094d&storeId=JOHN-S-STORE 304 - 0ms - IP: ::1
[2026-09-21T12:31:41.829Z] [GET] /api/customers?retailerId=cedc0064-0c9e-445e-9649-d344d6fe094d&storeId=JOHN-S-STORE 304 - 0ms - IP: ::1
[2026-09-21T12:31:41.829Z] [AUDIT] Action invoked on route: [GET] /api/transactions?retailerId=cedc0064-0c9e-445e-9649-d344d6fe094d&storeId=JOHN-S-STORE
[2026-09-21T12:31:41.830Z] [GET] /api/transactions?retailerId=cedc0064-0c9e-445e-9649-d344d6fe094d&storeId=JOHN-S-STORE 304 - 1ms - IP: ::1
[2026-09-21T12:31:41.831Z] [GET] /api/purchase-orders?retailerId=cedc0064-0c9e-445e-9649-d344d6fe094d&storeId=JOHN-S-STORE 304 - 0ms - IP: ::1
[2026-09-21T12:31:41.832Z] [GET] /api/returns?retailerId=cedc0064-0c9e-445e-9649-d344d6fe094d&storeId=JOHN-S-STORE 304 - 1ms - IP: ::1
[2026-09-21T12:31:41.832Z] [SUPPLIER-ROUTER-MIDDLEWARE] [GET] /api/suppliers | Client: Mozilla/5.0 (Windows NT 10.0; Win64; x64) AppleWebKit/537.36 (KHTML, like Gecko) Chrome/153.0.0.0 Safari/537.36
[2026-09-21T12:31:41.833Z] [GET] /api/suppliers 304 - 1ms - IP: ::1
[2026-09-21T12:31:41.833Z] [GET] /api/platform-revenue/subscriptions/active?userId=cedc0064-0c9e-445e-9649-d344d6fe094d 404 - 0ms - IP: ::1
[2026-09-21T12:31:41.837Z] [GET] /api/products?retailerId=cedc0064-0c9e-445e-9649-d344d6fe094d&storeId=JOHN-S-STORE 304 - 1ms - IP: ::1
[2026-09-21T12:31:41.838Z] [GET] /api/customers?retailerId=cedc0064-0c9e-445e-9649-d344d6fe094d&storeId=JOHN-S-STORE 304 - 1ms - IP: ::1
[2026-09-21T12:31:41.838Z] [AUDIT] Action invoked on route: [GET] /api/transactions?retailerId=cedc0064-0c9e-445e-9649-d344d6fe094d&storeId=JOHN-S-STORE
[2026-09-21T12:31:41.839Z] [GET] /api/transactions?retailerId=cedc0064-0c9e-445e-9649-d344d6fe094d&storeId=JOHN-S-STORE 304 - 1ms - IP: ::1
[2026-09-21T12:31:41.841Z] [GET] /api/purchase-orders?retailerId=cedc0064-0c9e-445e-9649-d344d6fe094d&storeId=JOHN-S-STORE 304 - 1ms - IP: ::1
[2026-09-21T12:31:41.842Z] [SUPPLIER-ROUTER-MIDDLEWARE] [GET] /api/suppliers | Client: Mozilla/5.0 (Windows NT 10.0; Win64; x64) AppleWebKit/537.36 (KHTML, like Gecko) Chrome/153.0.0.0 Safari/537.36
[2026-09-21T12:31:41.841Z] [GET] /api/returns?retailerId=cedc0064-0c9e-445e-9649-d344d6fe094d&storeId=JOHN-S-STORE 304 - 0ms - IP: ::1
[2026-09-21T12:31:41.842Z] [GET] /api/suppliers 304 - 0ms - IP: ::1
[2026-09-21T12:31:41.843Z] [GET] /api/platform-revenue/subscriptions/active?userId=cedc0064-0c9e-445e-9649-d344d6fe094d 404 - 1ms - IP: ::1
[2026-09-21T12:31:41.844Z] [GET] /api/products?retailerId=cedc0064-0c9e-445e-9649-d344d6fe094d&storeId=JOHN-S-STORE 304 - 1ms - IP: ::1
[2026-09-21T12:31:41.844Z] [GET] /api/customers?retailerId=cedc0064-0c9e-445e-9649-d344d6fe094d&storeId=JOHN-S-STORE 304 - 0ms - IP: ::1
[2026-09-21T12:31:41.845Z] [AUDIT] Action invoked on route: [GET] /api/transactions?retailerId=cedc0064-0c9e-445e-9649-d344d6fe094d&storeId=JOHN-S-STORE
[2026-09-21T12:31:41.846Z] [GET] /api/transactions?retailerId=cedc0064-0c9e-445e-9649-d344d6fe094d&storeId=JOHN-S-STORE 304 - 1ms - IP: ::1
[2026-09-21T12:31:41.848Z] [GET] /api/purchase-orders?retailerId=cedc0064-0c9e-445e-9649-d344d6fe094d&storeId=JOHN-S-STORE 304 - 0ms - IP: ::1
[2026-09-21T12:31:41.849Z] [GET] /api/returns?retailerId=cedc0064-0c9e-445e-9649-d344d6fe094d&storeId=JOHN-S-STORE 304 - 0ms - IP: ::1
[2026-09-21T12:31:41.851Z] [GET] /api/suppliers 304 - 1ms - IP: ::1
[2026-09-21T12:31:41.850Z] [SUPPLIER-ROUTER-MIDDLEWARE] [GET] /api/suppliers | Client: Mozilla/5.0 (Windows NT 10.0; Win64; x64) AppleWebKit/537.36 (KHTML, like Gecko) Chrome/153.0.0.0 Safari/537.36
[2026-09-21T12:31:41.852Z] [GET] /api/platform-revenue/subscriptions/active?userId=cedc0064-0c9e-445e-9649-d344d6fe094d 404 - 1ms - IP: ::1
[2026-09-21T12:31:41.874Z] [GET] /api/returns?retailerId=cedc0064-0c9e-445e-9649-d344d6fe094d&storeId=JOHN-S-STORE 304 - 0ms - IP: ::1
[2026-09-21T12:31:41.876Z] [GET] /api/products?retailerId=cedc0064-0c9e-445e-9649-d344d6fe094d&storeId=JOHN-S-STORE 304 - 1ms - IP: ::1
[2026-09-21T12:31:41.877Z] [GET] /api/customers?retailerId=cedc0064-0c9e-445e-9649-d344d6fe094d&storeId=JOHN-S-STORE 304 - 0ms - IP: ::1
[2026-09-21T12:31:41.878Z] [AUDIT] Action invoked on route: [GET] /api/transactions?retailerId=cedc0064-0c9e-445e-9649-d344d6fe094d&storeId=JOHN-S-STORE
[2026-09-21T12:31:41.878Z] [GET] /api/transactions?retailerId=cedc0064-0c9e-445e-9649-d344d6fe094d&storeId=JOHN-S-STORE 304 - 0ms - IP: ::1
[2026-09-21T12:31:41.879Z] [GET] /api/purchase-orders?retailerId=cedc0064-0c9e-445e-9649-d344d6fe094d&storeId=JOHN-S-STORE 304 - 1ms - IP: ::1
[2026-09-21T12:31:41.880Z] [SUPPLIER-ROUTER-MIDDLEWARE] [GET] /api/suppliers | Client: Mozilla/5.0 (Windows NT 10.0; Win64; x64) AppleWebKit/537.36 (KHTML, like Gecko) Chrome/153.0.0.0 Safari/537.36
[2026-09-21T12:31:41.881Z] [GET] /api/suppliers 304 - 1ms - IP: ::1
[2026-09-21T12:31:41.882Z] [GET] /api/platform-revenue/subscriptions/active?userId=cedc0064-0c9e-445e-9649-d344d6fe094d 404 - 1ms - IP: ::1
[2026-09-21T12:31:41.883Z] [GET] /api/returns?retailerId=cedc0064-0c9e-445e-9649-d344d6fe094d&storeId=JOHN-S-STORE 304 - 1ms - IP: ::1
[2026-09-21T12:31:41.885Z] [GET] /api/products?retailerId=cedc0064-0c9e-445e-9649-d344d6fe094d&storeId=JOHN-S-STORE 304 - 1ms - IP: ::1
[2026-09-21T12:31:41.899Z] [GET] /api/returns?retailerId=cedc0064-0c9e-445e-9649-d344d6fe094d&storeId=JOHN-S-STORE 304 - 0ms - IP: ::1
[2026-09-21T12:31:41.901Z] [GET] /api/products?retailerId=cedc0064-0c9e-445e-9649-d344d6fe094d&storeId=JOHN-S-STORE 304 - 1ms - IP: ::1
[2026-09-21T12:31:41.947Z] [GET] /api/returns?retailerId=cedc0064-0c9e-445e-9649-d344d6fe094d&storeId=JOHN-S-STORE 304 - 1ms - IP: ::1
[2026-09-21T12:31:41.949Z] [GET] /api/products?retailerId=cedc0064-0c9e-445e-9649-d344d6fe094d&storeId=JOHN-S-STORE 304 - 1ms - IP: ::1
[2026-09-21T12:31:41.950Z] [GET] /api/customers?retailerId=cedc0064-0c9e-445e-9649-d344d6fe094d&storeId=JOHN-S-STORE 304 - 0ms - IP: ::1
[2026-09-21T12:31:41.951Z] [AUDIT] Action invoked on route: [GET] /api/transactions?retailerId=cedc0064-0c9e-445e-9649-d344d6fe094d&storeId=JOHN-S-STORE
[2026-09-21T12:31:41.951Z] [GET] /api/transactions?retailerId=cedc0064-0c9e-445e-9649-d344d6fe094d&storeId=JOHN-S-STORE 304 - 0ms - IP: ::1
[2026-09-21T12:31:41.952Z] [GET] /api/purchase-orders?retailerId=cedc0064-0c9e-445e-9649-d344d6fe094d&storeId=JOHN-S-STORE 304 - 0ms - IP: ::1
[2026-09-21T12:31:41.952Z] [SUPPLIER-ROUTER-MIDDLEWARE] [GET] /api/suppliers | Client: Mozilla/5.0 (Windows NT 10.0; Win64; x64) AppleWebKit/537.36 (KHTML, like Gecko) Chrome/153.0.0.0 Safari/537.36
[2026-09-21T12:31:41.953Z] [GET] /api/suppliers 304 - 1ms - IP: ::1
[2026-09-21T12:31:41.954Z] [GET] /api/platform-revenue/subscriptions/active?userId=cedc0064-0c9e-445e-9649-d344d6fe094d 404 - 1ms - IP: ::1
[2026-09-21T12:31:41.958Z] [GET] /api/products?retailerId=cedc0064-0c9e-445e-9649-d344d6fe094d&storeId=JOHN-S-STORE 304 - 1ms - IP: ::1
[2026-09-21T12:31:41.956Z] [GET] /api/returns?retailerId=cedc0064-0c9e-445e-9649-d344d6fe094d&storeId=JOHN-S-STORE 304 - 1ms - IP: ::1
[2026-09-21T12:31:41.972Z] [GET] /api/returns?retailerId=cedc0064-0c9e-445e-9649-d344d6fe094d&storeId=JOHN-S-STORE 304 - 1ms - IP: ::1
[2026-09-21T12:31:41.974Z] [GET] /api/products?retailerId=cedc0064-0c9e-445e-9649-d344d6fe094d&storeId=JOHN-S-STORE 304 - 2ms - IP: ::1
[2026-09-21T12:31:41.976Z] [GET] /api/customers?retailerId=cedc0064-0c9e-445e-9649-d344d6fe094d&storeId=JOHN-S-STORE 304 - 0ms - IP: ::1
[2026-09-21T12:31:41.978Z] [AUDIT] Action invoked on route: [GET] /api/transactions?retailerId=cedc0064-0c9e-445e-9649-d344d6fe094d&storeId=JOHN-S-STORE
[2026-09-21T12:31:41.978Z] [GET] /api/transactions?retailerId=cedc0064-0c9e-445e-9649-d344d6fe094d&storeId=JOHN-S-STORE 304 - 0ms - IP: ::1
[2026-09-21T12:31:41.980Z] [GET] /api/returns?retailerId=cedc0064-0c9e-445e-9649-d344d6fe094d&storeId=JOHN-S-STORE 304 - 0ms - IP: ::1
[2026-09-21T12:31:41.979Z] [GET] /api/purchase-orders?retailerId=cedc0064-0c9e-445e-9649-d344d6fe094d&storeId=JOHN-S-STORE 304 - 0ms - IP: ::1
[2026-09-21T12:31:41.983Z] [GET] /api/products?retailerId=cedc0064-0c9e-445e-9649-d344d6fe094d&storeId=JOHN-S-STORE 304 - 1ms - IP: ::1
[2026-09-21T12:31:41.985Z] [SUPPLIER-ROUTER-MIDDLEWARE] [GET] /api/suppliers | Client: Mozilla/5.0 (Windows NT 10.0; Win64; x64) AppleWebKit/537.36 (KHTML, like Gecko) Chrome/153.0.0.0 Safari/537.36
[2026-09-21T12:31:41.986Z] [GET] /api/suppliers 304 - 1ms - IP: ::1
[2026-09-21T12:31:41.987Z] [GET] /api/platform-revenue/subscriptions/active?userId=cedc0064-0c9e-445e-9649-d344d6fe094d 404 - 1ms - IP: ::1
[2026-09-21T12:31:41.989Z] [GET] /api/returns?retailerId=cedc0064-0c9e-445e-9649-d344d6fe094d&storeId=JOHN-S-STORE 304 - 1ms - IP: ::1
[2026-09-21T12:31:41.991Z] [GET] /api/products?retailerId=cedc0064-0c9e-445e-9649-d344d6fe094d&storeId=JOHN-S-STORE 304 - 1ms - IP: ::1
[2026-09-21T12:31:41.999Z] [GET] /api/products?retailerId=cedc0064-0c9e-445e-9649-d344d6fe094d&storeId=JOHN-S-STORE 304 - 1ms - IP: ::1
[2026-09-21T12:31:42.000Z] [GET] /api/returns?retailerId=cedc0064-0c9e-445e-9649-d344d6fe094d&storeId=JOHN-S-STORE 304 - 0ms - IP: ::1
[2026-09-21T12:32:05.971Z] [GET] /api/returns?retailerId=cedc0064-0c9e-445e-9649-d344d6fe094d&storeId=JOHN-S-STORE 304 - 0ms - IP: ::1
[2026-09-21T12:32:05.973Z] [GET] /api/products?retailerId=cedc0064-0c9e-445e-9649-d344d6fe094d&storeId=JOHN-S-STORE 304 - 1ms - IP: ::1
[2026-09-21T12:32:05.977Z] [GET] /api/returns?retailerId=cedc0064-0c9e-445e-9649-d344d6fe094d&storeId=JOHN-S-STORE 304 - 1ms - IP: ::1
[2026-09-21T12:32:05.979Z] [GET] /api/products?retailerId=cedc0064-0c9e-445e-9649-d344d6fe094d&storeId=JOHN-S-STORE 304 - 1ms - IP: ::1
[2026-09-21T12:32:05.982Z] [GET] /api/returns?retailerId=cedc0064-0c9e-445e-9649-d344d6fe094d&storeId=JOHN-S-STORE 304 - 0ms - IP: ::1
[2026-09-21T12:32:05.985Z] [GET] /api/products?retailerId=cedc0064-0c9e-445e-9649-d344d6fe094d&storeId=JOHN-S-STORE 304 - 1ms - IP: ::1
[2026-09-21T12:32:11.519Z] [GET] /api/returns?retailerId=cedc0064-0c9e-445e-9649-d344d6fe094d&storeId=JOHN-S-STORE 304 - 1ms - IP: ::1
[2026-09-21T12:32:11.520Z] [GET] /api/products?retailerId=cedc0064-0c9e-445e-9649-d344d6fe094d&storeId=JOHN-S-STORE 304 - 1ms - IP: ::1
[2026-09-21T12:32:11.525Z] [GET] /api/returns?retailerId=cedc0064-0c9e-445e-9649-d344d6fe094d&storeId=JOHN-S-STORE 304 - 1ms - IP: ::1
[2026-09-21T12:32:11.528Z] [GET] /api/products?retailerId=cedc0064-0c9e-445e-9649-d344d6fe094d&storeId=JOHN-S-STORE 304 - 1ms - IP: ::1
[2026-09-21T12:32:11.532Z] [GET] /api/returns?retailerId=cedc0064-0c9e-445e-9649-d344d6fe094d&storeId=JOHN-S-STORE 304 - 1ms - IP: ::1
[2026-09-21T12:32:11.537Z] [GET] /api/products?retailerId=cedc0064-0c9e-445e-9649-d344d6fe094d&storeId=JOHN-S-STORE 304 - 1ms - IP: ::1
[2026-09-21T12:32:37.265Z] [SUPPLIER-ROUTER-MIDDLEWARE] [GET] /api/suppliers | Client: Mozilla/5.0 (Windows NT 10.0; Win64; x64) AppleWebKit/537.36 (KHTML, like Gecko) Chrome/153.0.0.0 Safari/537.36
[2026-09-21T12:32:37.266Z] [GET] /api/suppliers 304 - 1ms - IP: ::1
[2026-09-21T12:32:37.267Z] [GET] /api/purchase-orders?retailerId=cedc0064-0c9e-445e-9649-d344d6fe094d&storeId=JOHN-S-STORE 304 - 0ms - IP: ::1
[2026-09-21T12:32:37.268Z] [GET] /api/returns?retailerId=cedc0064-0c9e-445e-9649-d344d6fe094d&storeId=JOHN-S-STORE 304 - 1ms - IP: ::1
[2026-09-21T12:32:37.269Z] [GET] /api/products?retailerId=cedc0064-0c9e-445e-9649-d344d6fe094d&storeId=JOHN-S-STORE 304 - 1ms - IP: ::1
[2026-09-21T12:32:37.271Z] [GET] /api/suppliers 304 - 1ms - IP: ::1
[2026-09-21T12:32:37.270Z] [SUPPLIER-ROUTER-MIDDLEWARE] [GET] /api/suppliers | Client: Mozilla/5.0 (Windows NT 10.0; Win64; x64) AppleWebKit/537.36 (KHTML, like Gecko) Chrome/153.0.0.0 Safari/537.36
[2026-09-21T12:32:37.272Z] [GET] /api/purchase-orders?retailerId=cedc0064-0c9e-445e-9649-d344d6fe094d&storeId=JOHN-S-STORE 304 - 1ms - IP: ::1
[2026-09-21T12:32:43.883Z] [SUPPLIER-ROUTER-MIDDLEWARE] [GET] /api/suppliers | Client: Mozilla/5.0 (Windows NT 10.0; Win64; x64) AppleWebKit/537.36 (KHTML, like Gecko) Chrome/153.0.0.0 Safari/537.36
[2026-09-21T12:32:43.885Z] [GET] /api/suppliers 304 - 2ms - IP: ::1
[2026-09-21T12:32:43.886Z] [GET] /api/products?retailerId=cedc0064-0c9e-445e-9649-d344d6fe094d&storeId=JOHN-S-STORE 304 - 1ms - IP: ::1
[2026-09-21T12:32:43.887Z] [GET] /api/returns?retailerId=cedc0064-0c9e-445e-9649-d344d6fe094d&storeId=JOHN-S-STORE 304 - 0ms - IP: ::1
[2026-09-21T12:32:43.888Z] [SUPPLIER-ROUTER-MIDDLEWARE] [GET] /api/suppliers | Client: Mozilla/5.0 (Windows NT 10.0; Win64; x64) AppleWebKit/537.36 (KHTML, like Gecko) Chrome/153.0.0.0 Safari/537.36
[2026-09-21T12:32:43.889Z] [GET] /api/suppliers 304 - 1ms - IP: ::1
[2026-09-21T12:32:43.890Z] [GET] /api/products?retailerId=cedc0064-0c9e-445e-9649-d344d6fe094d&storeId=JOHN-S-STORE 304 - 0ms - IP: ::1
[2026-09-21T12:32:43.894Z] [GET] /api/products?retailerId=cedc0064-0c9e-445e-9649-d344d6fe094d&storeId=JOHN-S-STORE 304 - 1ms - IP: ::1
[2026-09-21T12:32:45.874Z] [SUPPLIER-ROUTER-MIDDLEWARE] [GET] /api/suppliers | Client: Mozilla/5.0 (Windows NT 10.0; Win64; x64) AppleWebKit/537.36 (KHTML, like Gecko) Chrome/153.0.0.0 Safari/537.36
[2026-09-21T12:32:45.875Z] [GET] /api/suppliers 304 - 1ms - IP: ::1
[2026-09-21T12:32:45.876Z] [GET] /api/purchase-orders?retailerId=cedc0064-0c9e-445e-9649-d344d6fe094d&storeId=JOHN-S-STORE 304 - 1ms - IP: ::1
[2026-09-21T12:32:45.876Z] [GET] /api/returns?retailerId=cedc0064-0c9e-445e-9649-d344d6fe094d&storeId=JOHN-S-STORE 304 - 0ms - IP: ::1
[2026-09-21T12:32:45.878Z] [GET] /api/products?retailerId=cedc0064-0c9e-445e-9649-d344d6fe094d&storeId=JOHN-S-STORE 304 - 1ms - IP: ::1
[2026-09-21T12:32:45.879Z] [SUPPLIER-ROUTER-MIDDLEWARE] [GET] /api/suppliers | Client: Mozilla/5.0 (Windows NT 10.0; Win64; x64) AppleWebKit/537.36 (KHTML, like Gecko) Chrome/153.0.0.0 Safari/537.36
[2026-09-21T12:32:45.880Z] [GET] /api/suppliers 304 - 1ms - IP: ::1
[2026-09-21T12:32:45.881Z] [GET] /api/purchase-orders?retailerId=cedc0064-0c9e-445e-9649-d344d6fe094d&storeId=JOHN-S-STORE 304 - 0ms - IP: ::1
[2026-09-21T12:33:07.606Z] [GET] /api/returns?retailerId=cedc0064-0c9e-445e-9649-d344d6fe094d&storeId=JOHN-S-STORE 304 - 0ms - IP: ::1
[2026-09-21T12:33:07.607Z] [GET] /api/products?retailerId=cedc0064-0c9e-445e-9649-d344d6fe094d&storeId=JOHN-S-STORE 304 - 1ms - IP: ::1
[2026-09-21T12:33:07.609Z] [GET] /api/returns?retailerId=cedc0064-0c9e-445e-9649-d344d6fe094d&storeId=JOHN-S-STORE 304 - 0ms - IP: ::1
[2026-09-21T12:33:07.613Z] [GET] /api/returns?retailerId=cedc0064-0c9e-445e-9649-d344d6fe094d&storeId=JOHN-S-STORE 304 - 1ms - IP: ::1
[2026-09-21T12:33:09.529Z] [SUPPLIER-ROUTER-MIDDLEWARE] [GET] /api/suppliers | Client: Mozilla/5.0 (Windows NT 10.0; Win64; x64) AppleWebKit/537.36 (KHTML, like Gecko) Chrome/153.0.0.0 Safari/537.36
[2026-09-21T12:33:09.530Z] [GET] /api/suppliers 304 - 1ms - IP: ::1
[2026-09-21T12:33:09.531Z] [GET] /api/purchase-orders?retailerId=cedc0064-0c9e-445e-9649-d344d6fe094d&storeId=JOHN-S-STORE 304 - 1ms - IP: ::1
[2026-09-21T12:33:09.531Z] [GET] /api/returns?retailerId=cedc0064-0c9e-445e-9649-d344d6fe094d&storeId=JOHN-S-STORE 304 - 0ms - IP: ::1
[2026-09-21T12:33:09.533Z] [GET] /api/products?retailerId=cedc0064-0c9e-445e-9649-d344d6fe094d&storeId=JOHN-S-STORE 304 - 1ms - IP: ::1
[2026-09-21T12:33:09.534Z] [SUPPLIER-ROUTER-MIDDLEWARE] [GET] /api/suppliers | Client: Mozilla/5.0 (Windows NT 10.0; Win64; x64) AppleWebKit/537.36 (KHTML, like Gecko) Chrome/153.0.0.0 Safari/537.36
[2026-09-21T12:33:09.535Z] [GET] /api/suppliers 304 - 1ms - IP: ::1
[2026-09-21T12:33:09.535Z] [GET] /api/purchase-orders?retailerId=cedc0064-0c9e-445e-9649-d344d6fe094d&storeId=JOHN-S-STORE 304 - 0ms - IP: ::1
[2026-09-21T12:33:10.270Z] [GET] /api/products?retailerId=cedc0064-0c9e-445e-9649-d344d6fe094d&storeId=JOHN-S-STORE 304 - 1ms - IP: ::1
[2026-09-21T12:33:10.272Z] [GET] /api/returns?retailerId=cedc0064-0c9e-445e-9649-d344d6fe094d&storeId=JOHN-S-STORE 304 - 1ms - IP: ::1
[2026-09-21T12:33:10.276Z] [GET] /api/returns?retailerId=cedc0064-0c9e-445e-9649-d344d6fe094d&storeId=JOHN-S-STORE 304 - 1ms - IP: ::1
[2026-09-21T12:33:10.280Z] [GET] /api/returns?retailerId=cedc0064-0c9e-445e-9649-d344d6fe094d&storeId=JOHN-S-STORE 304 - 1ms - IP: ::1
[2026-09-21T12:33:11.275Z] [SUPPLIER-ROUTER-MIDDLEWARE] [GET] /api/suppliers | Client: Mozilla/5.0 (Windows NT 10.0; Win64; x64) AppleWebKit/537.36 (KHTML, like Gecko) Chrome/153.0.0.0 Safari/537.36
[2026-09-21T12:33:11.276Z] [GET] /api/suppliers 304 - 1ms - IP: ::1
[2026-09-21T12:33:11.276Z] [GET] /api/purchase-orders?retailerId=cedc0064-0c9e-445e-9649-d344d6fe094d&storeId=JOHN-S-STORE 304 - 0ms - IP: ::1
[2026-09-21T12:33:11.277Z] [GET] /api/returns?retailerId=cedc0064-0c9e-445e-9649-d344d6fe094d&storeId=JOHN-S-STORE 304 - 0ms - IP: ::1
[2026-09-21T12:33:11.278Z] [GET] /api/products?retailerId=cedc0064-0c9e-445e-9649-d344d6fe094d&storeId=JOHN-S-STORE 304 - 0ms - IP: ::1
[2026-09-21T12:33:11.280Z] [SUPPLIER-ROUTER-MIDDLEWARE] [GET] /api/suppliers | Client: Mozilla/5.0 (Windows NT 10.0; Win64; x64) AppleWebKit/537.36 (KHTML, like Gecko) Chrome/153.0.0.0 Safari/537.36
[2026-09-21T12:33:11.281Z] [GET] /api/suppliers 304 - 1ms - IP: ::1
[2026-09-21T12:33:11.281Z] [GET] /api/purchase-orders?retailerId=cedc0064-0c9e-445e-9649-d344d6fe094d&storeId=JOHN-S-STORE 304 - 0ms - IP: ::1
[2026-09-21T12:33:40.345Z] [GET] /api/users/cedc0064-0c9e-445e-9649-d344d6fe094d 304 - 2ms - IP: ::1
[2026-09-21T12:33:40.346Z] [SUPPLIER-ROUTER-MIDDLEWARE] [GET] /api/suppliers | Client: Mozilla/5.0 (Windows NT 10.0; Win64; x64) AppleWebKit/537.36 (KHTML, like Gecko) Chrome/153.0.0.0 Safari/537.36
[2026-09-21T12:33:40.346Z] [GET] /api/suppliers 304 - 0ms - IP: ::1
[2026-09-21T12:33:40.358Z] [GET] /api/returns?retailerId=cedc0064-0c9e-445e-9649-d344d6fe094d&storeId=JOHN-S-STORE 304 - 1ms - IP: ::1
[2026-09-21T12:33:40.359Z] [GET] /api/products?retailerId=cedc0064-0c9e-445e-9649-d344d6fe094d&storeId=JOHN-S-STORE 200 - 0ms - IP: ::1
[2026-09-21T12:33:40.360Z] [GET] /api/purchase-orders?retailerId=cedc0064-0c9e-445e-9649-d344d6fe094d&storeId=JOHN-S-STORE 304 - 1ms - IP: ::1
[2026-09-21T12:34:30.990Z] [SUPPLIER-ROUTER-MIDDLEWARE] [GET] /api/suppliers | Client: Mozilla/5.0 (Windows NT 10.0; Win64; x64) AppleWebKit/537.36 (KHTML, like Gecko) Chrome/153.0.0.0 Safari/537.36
[2026-09-21T12:34:30.992Z] [GET] /api/suppliers 304 - 3ms - IP: ::1
[2026-09-21T12:34:30.999Z] [GET] /api/users/cedc0064-0c9e-445e-9649-d344d6fe094d 304 - 5ms - IP: ::1
[2026-09-21T12:34:31.062Z] [GET] /api/products?retailerId=cedc0064-0c9e-445e-9649-d344d6fe094d&storeId=JOHN-S-STORE 304 - 1ms - IP: ::1
[2026-09-21T12:34:31.065Z] [GET] /api/returns?retailerId=cedc0064-0c9e-445e-9649-d344d6fe094d&storeId=JOHN-S-STORE 304 - 2ms - IP: ::1
[2026-09-21T12:34:31.068Z] [GET] /api/products?retailerId=cedc0064-0c9e-445e-9649-d344d6fe094d&storeId=JOHN-S-STORE 304 - 1ms - IP: ::1
[2026-09-21T12:35:42.482Z] [GET] /api/returns?retailerId=cedc0064-0c9e-445e-9649-d344d6fe094d&storeId=JOHN-S-STORE 304 - 1ms - IP: ::1
[2026-09-21T12:35:42.483Z] [GET] /api/products?retailerId=cedc0064-0c9e-445e-9649-d344d6fe094d&storeId=JOHN-S-STORE 304 - 0ms - IP: ::1
[2026-09-21T12:35:42.484Z] [GET] /api/customers?retailerId=cedc0064-0c9e-445e-9649-d344d6fe094d&storeId=JOHN-S-STORE 304 - 0ms - IP: ::1
[2026-09-21T12:35:42.485Z] [AUDIT] Action invoked on route: [GET] /api/transactions?retailerId=cedc0064-0c9e-445e-9649-d344d6fe094d&storeId=JOHN-S-STORE
[2026-09-21T12:35:42.485Z] [GET] /api/transactions?retailerId=cedc0064-0c9e-445e-9649-d344d6fe094d&storeId=JOHN-S-STORE 304 - 0ms - IP: ::1
[2026-09-21T12:35:42.486Z] [GET] /api/purchase-orders?retailerId=cedc0064-0c9e-445e-9649-d344d6fe094d&storeId=JOHN-S-STORE 304 - 1ms - IP: ::1
[2026-09-21T12:35:42.487Z] [SUPPLIER-ROUTER-MIDDLEWARE] [GET] /api/suppliers | Client: Mozilla/5.0 (Windows NT 10.0; Win64; x64) AppleWebKit/537.36 (KHTML, like Gecko) Chrome/153.0.0.0 Safari/537.36
[2026-09-21T12:35:42.487Z] [GET] /api/suppliers 304 - 0ms - IP: ::1
[2026-09-21T12:35:42.489Z] [GET] /api/platform-revenue/subscriptions/active?userId=cedc0064-0c9e-445e-9649-d344d6fe094d 404 - 1ms - IP: ::1
[2026-09-21T12:35:42.550Z] [GET] /api/returns?retailerId=cedc0064-0c9e-445e-9649-d344d6fe094d&storeId=JOHN-S-STORE 304 - 1ms - IP: ::1
[2026-09-21T12:35:42.553Z] [GET] /api/products?retailerId=cedc0064-0c9e-445e-9649-d344d6fe094d&storeId=JOHN-S-STORE 304 - 2ms - IP: ::1
[2026-09-21T12:35:42.554Z] [GET] /api/customers?retailerId=cedc0064-0c9e-445e-9649-d344d6fe094d&storeId=JOHN-S-STORE 304 - 1ms - IP: ::1
[2026-09-21T12:35:42.554Z] [AUDIT] Action invoked on route: [GET] /api/transactions?retailerId=cedc0064-0c9e-445e-9649-d344d6fe094d&storeId=JOHN-S-STORE
[2026-09-21T12:35:42.555Z] [GET] /api/transactions?retailerId=cedc0064-0c9e-445e-9649-d344d6fe094d&storeId=JOHN-S-STORE 304 - 1ms - IP: ::1
[2026-09-21T12:35:42.556Z] [GET] /api/purchase-orders?retailerId=cedc0064-0c9e-445e-9649-d344d6fe094d&storeId=JOHN-S-STORE 304 - 1ms - IP: ::1
[2026-09-21T12:35:42.556Z] [GET] /api/suppliers 304 - 0ms - IP: ::1
[2026-09-21T12:35:42.556Z] [SUPPLIER-ROUTER-MIDDLEWARE] [GET] /api/suppliers | Client: Mozilla/5.0 (Windows NT 10.0; Win64; x64) AppleWebKit/537.36 (KHTML, like Gecko) Chrome/153.0.0.0 Safari/537.36
[2026-09-21T12:35:42.558Z] [GET] /api/platform-revenue/subscriptions/active?userId=cedc0064-0c9e-445e-9649-d344d6fe094d 404 - 0ms - IP: ::1
[2026-09-21T12:35:42.559Z] [GET] /api/returns?retailerId=cedc0064-0c9e-445e-9649-d344d6fe094d&storeId=JOHN-S-STORE 304 - 1ms - IP: ::1
[2026-09-21T12:35:42.561Z] [GET] /api/products?retailerId=cedc0064-0c9e-445e-9649-d344d6fe094d&storeId=JOHN-S-STORE 304 - 1ms - IP: ::1
[2026-09-21T12:35:42.564Z] [GET] /api/returns?retailerId=cedc0064-0c9e-445e-9649-d344d6fe094d&storeId=JOHN-S-STORE 304 - 1ms - IP: ::1
[2026-09-21T12:35:42.566Z] [GET] /api/products?retailerId=cedc0064-0c9e-445e-9649-d344d6fe094d&storeId=JOHN-S-STORE 304 - 1ms - IP: ::1
[2026-09-21T12:36:33.486Z] [SUPPLIER-ROUTER-MIDDLEWARE] [GET] /api/suppliers | Client: Mozilla/5.0 (Windows NT 10.0; Win64; x64) AppleWebKit/537.36 (KHTML, like Gecko) Chrome/153.0.0.0 Safari/537.36
[2026-09-21T12:36:33.488Z] [GET] /api/suppliers 304 - 2ms - IP: ::1
[2026-09-21T12:36:33.493Z] [GET] /api/returns?retailerId=cedc0064-0c9e-445e-9649-d344d6fe094d&storeId=JOHN-S-STORE 304 - 1ms - IP: ::1
[2026-09-21T12:36:33.490Z] [GET] /api/purchase-orders?retailerId=cedc0064-0c9e-445e-9649-d344d6fe094d&storeId=JOHN-S-STORE 304 - 1ms - IP: ::1
[2026-09-21T12:36:33.495Z] [GET] /api/products?retailerId=cedc0064-0c9e-445e-9649-d344d6fe094d&storeId=JOHN-S-STORE 304 - 1ms - IP: ::1
[2026-09-21T12:36:33.500Z] [GET] /api/suppliers 304 - 2ms - IP: ::1
[2026-09-21T12:36:33.498Z] [SUPPLIER-ROUTER-MIDDLEWARE] [GET] /api/suppliers | Client: Mozilla/5.0 (Windows NT 10.0; Win64; x64) AppleWebKit/537.36 (KHTML, like Gecko) Chrome/153.0.0.0 Safari/537.36
[2026-09-21T12:36:33.503Z] [GET] /api/purchase-orders?retailerId=cedc0064-0c9e-445e-9649-d344d6fe094d&storeId=JOHN-S-STORE 304 - 2ms - IP: ::1
[2026-09-21T12:38:49.896Z] [SUPPLIER-ROUTER-MIDDLEWARE] [GET] /api/suppliers | Client: Mozilla/5.0 (Windows NT 10.0; Win64; x64) AppleWebKit/537.36 (KHTML, like Gecko) Chrome/153.0.0.0 Safari/537.36
[2026-09-21T12:38:49.897Z] [GET] /api/suppliers 304 - 1ms - IP: ::1
[2026-09-21T12:38:49.901Z] [GET] /api/products?retailerId=cedc0064-0c9e-445e-9649-d344d6fe094d 200 - 3ms - IP: ::1
[2026-09-21T12:38:49.904Z] [GET] /api/returns 304 - 1ms - IP: ::1
[2026-09-21T12:38:49.908Z] [GET] /api/products 200 - 2ms - IP: ::1
[2026-09-21T12:38:49.911Z] [SUPPLIER-ROUTER-MIDDLEWARE] [GET] /api/suppliers | Client: Mozilla/5.0 (Windows NT 10.0; Win64; x64) AppleWebKit/537.36 (KHTML, like Gecko) Chrome/153.0.0.0 Safari/537.36
[2026-09-21T12:38:49.913Z] [GET] /api/suppliers 304 - 2ms - IP: ::1
[2026-09-21T12:38:49.917Z] [GET] /api/products?retailerId=cedc0064-0c9e-445e-9649-d344d6fe094d 304 - 2ms - IP: ::1
[2026-09-21T12:44:07.896Z] [SUPPLIER-ROUTER-MIDDLEWARE] [GET] /api/suppliers | Client: Mozilla/5.0 (Windows NT 10.0; Win64; x64) AppleWebKit/537.36 (KHTML, like Gecko) Chrome/153.0.0.0 Safari/537.36
[2026-09-21T12:44:07.897Z] [GET] /api/suppliers 304 - 1ms - IP: ::1
[2026-09-21T12:44:07.897Z] [GET] /api/purchase-orders 304 - 0ms - IP: ::1
[2026-09-21T12:44:07.898Z] [GET] /api/returns 304 - 0ms - IP: ::1
[2026-09-21T12:44:07.899Z] [GET] /api/products 304 - 1ms - IP: ::1
[2026-09-21T12:44:07.900Z] [SUPPLIER-ROUTER-MIDDLEWARE] [GET] /api/suppliers | Client: Mozilla/5.0 (Windows NT 10.0; Win64; x64) AppleWebKit/537.36 (KHTML, like Gecko) Chrome/153.0.0.0 Safari/537.36
[2026-09-21T12:44:07.901Z] [GET] /api/suppliers 304 - 1ms - IP: ::1
[2026-09-21T12:44:07.902Z] [GET] /api/purchase-orders 304 - 0ms - IP: ::1
[2026-09-21T12:45:16.591Z] [POST] /api/purchase-orders 400 - 2ms - IP: ::1
[2026-09-21T12:46:56.246Z] [POST] /api/users/login 201 - 4ms - IP: ::1
[2026-09-21T12:46:56.331Z] [GET] /api/products?retailerId=cedc0064-0c9e-445e-9649-d344d6fe094d&storeId=JOHN-S-STORE 304 - 1ms - IP: ::1
[2026-09-21T12:46:56.332Z] [GET] /api/customers?retailerId=cedc0064-0c9e-445e-9649-d344d6fe094d&storeId=JOHN-S-STORE 304 - 1ms - IP: ::1
[2026-09-21T12:46:56.334Z] [GET] /api/purchase-orders?retailerId=cedc0064-0c9e-445e-9649-d344d6fe094d&storeId=JOHN-S-STORE 304 - 1ms - IP: ::1
[2026-09-21T12:46:56.336Z] [GET] /api/returns?retailerId=cedc0064-0c9e-445e-9649-d344d6fe094d&storeId=JOHN-S-STORE 304 - 1ms - IP: ::1
[2026-09-21T12:46:56.333Z] [GET] /api/transactions?retailerId=cedc0064-0c9e-445e-9649-d344d6fe094d&storeId=JOHN-S-STORE 304 - 1ms - IP: ::1
[2026-09-21T12:46:56.332Z] [AUDIT] Action invoked on route: [GET] /api/transactions?retailerId=cedc0064-0c9e-445e-9649-d344d6fe094d&storeId=JOHN-S-STORE
[2026-09-21T12:46:56.340Z] [GET] /api/suppliers 304 - 2ms - IP: ::1
[2026-09-21T12:46:56.338Z] [SUPPLIER-ROUTER-MIDDLEWARE] [GET] /api/suppliers | Client: Mozilla/5.0 (Windows NT 10.0; Win64; x64) AppleWebKit/537.36 (KHTML, like Gecko) Chrome/153.0.0.0 Safari/537.36
[2026-09-21T12:46:56.342Z] [GET] /api/platform-revenue/subscriptions/active?userId=cedc0064-0c9e-445e-9649-d344d6fe094d 404 - 1ms - IP: ::1
[2026-09-21T12:46:56.368Z] [GET] /api/returns?retailerId=cedc0064-0c9e-445e-9649-d344d6fe094d&storeId=JOHN-S-STORE 304 - 1ms - IP: ::1
[2026-09-21T12:46:56.370Z] [GET] /api/products?retailerId=cedc0064-0c9e-445e-9649-d344d6fe094d&storeId=JOHN-S-STORE 304 - 1ms - IP: ::1
[2026-09-21T12:46:56.375Z] [GET] /api/customers?retailerId=cedc0064-0c9e-445e-9649-d344d6fe094d&storeId=JOHN-S-STORE 304 - 2ms - IP: ::1
[2026-09-21T12:46:56.376Z] [AUDIT] Action invoked on route: [GET] /api/transactions?retailerId=cedc0064-0c9e-445e-9649-d344d6fe094d&storeId=JOHN-S-STORE
[2026-09-21T12:46:56.377Z] [GET] /api/transactions?retailerId=cedc0064-0c9e-445e-9649-d344d6fe094d&storeId=JOHN-S-STORE 304 - 1ms - IP: ::1
[2026-09-21T12:46:56.378Z] [GET] /api/purchase-orders?retailerId=cedc0064-0c9e-445e-9649-d344d6fe094d&storeId=JOHN-S-STORE 304 - 1ms - IP: ::1
[2026-09-21T12:46:56.378Z] [SUPPLIER-ROUTER-MIDDLEWARE] [GET] /api/suppliers | Client: Mozilla/5.0 (Windows NT 10.0; Win64; x64) AppleWebKit/537.36 (KHTML, like Gecko) Chrome/153.0.0.0 Safari/537.36
[2026-09-21T12:46:56.379Z] [GET] /api/suppliers 304 - 1ms - IP: ::1
[2026-09-21T12:46:56.383Z] [GET] /api/platform-revenue/subscriptions/active?userId=cedc0064-0c9e-445e-9649-d344d6fe094d 404 - 2ms - IP: ::1
[2026-09-21T12:46:56.385Z] [GET] /api/returns?retailerId=cedc0064-0c9e-445e-9649-d344d6fe094d&storeId=JOHN-S-STORE 304 - 1ms - IP: ::1
[2026-09-21T12:46:56.387Z] [GET] /api/products?retailerId=cedc0064-0c9e-445e-9649-d344d6fe094d&storeId=JOHN-S-STORE 304 - 2ms - IP: ::1
[2026-09-21T12:46:56.390Z] [GET] /api/returns?retailerId=cedc0064-0c9e-445e-9649-d344d6fe094d&storeId=JOHN-S-STORE 304 - 1ms - IP: ::1
[2026-09-21T12:46:56.394Z] [GET] /api/products?retailerId=cedc0064-0c9e-445e-9649-d344d6fe094d&storeId=JOHN-S-STORE 304 - 2ms - IP: ::1
[2026-09-21T12:46:57.707Z] [SUPPLIER-ROUTER-MIDDLEWARE] [GET] /api/suppliers | Client: Mozilla/5.0 (Windows NT 10.0; Win64; x64) AppleWebKit/537.36 (KHTML, like Gecko) Chrome/153.0.0.0 Safari/537.36
[2026-09-21T12:46:57.708Z] [GET] /api/suppliers 304 - 1ms - IP: ::1
[2026-09-21T12:46:57.709Z] [GET] /api/purchase-orders?retailerId=cedc0064-0c9e-445e-9649-d344d6fe094d&storeId=JOHN-S-STORE 304 - 1ms - IP: ::1
[2026-09-21T12:46:57.709Z] [GET] /api/returns?retailerId=cedc0064-0c9e-445e-9649-d344d6fe094d&storeId=JOHN-S-STORE 304 - 0ms - IP: ::1
[2026-09-21T12:46:57.711Z] [GET] /api/products?retailerId=cedc0064-0c9e-445e-9649-d344d6fe094d&storeId=JOHN-S-STORE 304 - 1ms - IP: ::1
[2026-09-21T12:46:57.712Z] [SUPPLIER-ROUTER-MIDDLEWARE] [GET] /api/suppliers | Client: Mozilla/5.0 (Windows NT 10.0; Win64; x64) AppleWebKit/537.36 (KHTML, like Gecko) Chrome/153.0.0.0 Safari/537.36
[2026-09-21T12:46:57.713Z] [GET] /api/suppliers 304 - 1ms - IP: ::1
[2026-09-21T12:46:57.714Z] [GET] /api/purchase-orders?retailerId=cedc0064-0c9e-445e-9649-d344d6fe094d&storeId=JOHN-S-STORE 304 - 0ms - IP: ::1
[2026-09-21T12:48:38.658Z] [GET] /api/products?retailerId=cedc0064-0c9e-445e-9649-d344d6fe094d&storeId=JOHN-S-STORE 304 - 1ms - IP: ::1
[2026-09-21T12:48:38.660Z] [GET] /api/transactions?retailerId=cedc0064-0c9e-445e-9649-d344d6fe094d&storeId=JOHN-S-STORE 304 - 1ms - IP: ::1
[2026-09-21T12:48:38.659Z] [GET] /api/customers?retailerId=cedc0064-0c9e-445e-9649-d344d6fe094d&storeId=JOHN-S-STORE 304 - 1ms - IP: ::1
[2026-09-21T12:48:38.659Z] [AUDIT] Action invoked on route: [GET] /api/transactions?retailerId=cedc0064-0c9e-445e-9649-d344d6fe094d&storeId=JOHN-S-STORE
[2026-09-21T12:48:38.661Z] [SUPPLIER-ROUTER-MIDDLEWARE] [GET] /api/suppliers | Client: Mozilla/5.0 (Windows NT 10.0; Win64; x64) AppleWebKit/537.36 (KHTML, like Gecko) Chrome/153.0.0.0 Safari/537.36
[2026-09-21T12:48:38.661Z] [GET] /api/returns?retailerId=cedc0064-0c9e-445e-9649-d344d6fe094d&storeId=JOHN-S-STORE 304 - 0ms - IP: ::1
[2026-09-21T12:48:38.660Z] [GET] /api/purchase-orders?retailerId=cedc0064-0c9e-445e-9649-d344d6fe094d&storeId=JOHN-S-STORE 304 - 0ms - IP: ::1
[2026-09-21T12:48:38.662Z] [GET] /api/suppliers 304 - 1ms - IP: ::1
[2026-09-21T12:48:38.664Z] [GET] /api/platform-revenue/subscriptions/active?userId=cedc0064-0c9e-445e-9649-d344d6fe094d 404 - 1ms - IP: ::1
[2026-09-21T12:48:38.691Z] [GET] /api/returns?retailerId=cedc0064-0c9e-445e-9649-d344d6fe094d&storeId=JOHN-S-STORE 304 - 0ms - IP: ::1
[2026-09-21T12:48:38.693Z] [GET] /api/products?retailerId=cedc0064-0c9e-445e-9649-d344d6fe094d&storeId=JOHN-S-STORE 304 - 1ms - IP: ::1
[2026-09-21T12:48:38.694Z] [GET] /api/customers?retailerId=cedc0064-0c9e-445e-9649-d344d6fe094d&storeId=JOHN-S-STORE 304 - 1ms - IP: ::1
[2026-09-21T12:48:38.696Z] [AUDIT] Action invoked on route: [GET] /api/transactions?retailerId=cedc0064-0c9e-445e-9649-d344d6fe094d&storeId=JOHN-S-STORE
[2026-09-21T12:48:38.697Z] [GET] /api/transactions?retailerId=cedc0064-0c9e-445e-9649-d344d6fe094d&storeId=JOHN-S-STORE 304 - 1ms - IP: ::1
[2026-09-21T12:48:38.698Z] [GET] /api/returns?retailerId=cedc0064-0c9e-445e-9649-d344d6fe094d&storeId=JOHN-S-STORE 304 - 1ms - IP: ::1
[2026-09-21T12:48:38.699Z] [GET] /api/purchase-orders?retailerId=cedc0064-0c9e-445e-9649-d344d6fe094d&storeId=JOHN-S-STORE 304 - 1ms - IP: ::1
[2026-09-21T12:48:38.699Z] [SUPPLIER-ROUTER-MIDDLEWARE] [GET] /api/suppliers | Client: Mozilla/5.0 (Windows NT 10.0; Win64; x64) AppleWebKit/537.36 (KHTML, like Gecko) Chrome/153.0.0.0 Safari/537.36
[2026-09-21T12:48:38.700Z] [GET] /api/suppliers 304 - 1ms - IP: ::1
[2026-09-21T12:48:38.701Z] [GET] /api/products?retailerId=cedc0064-0c9e-445e-9649-d344d6fe094d&storeId=JOHN-S-STORE 304 - 0ms - IP: ::1
[2026-09-21T12:48:38.702Z] [GET] /api/platform-revenue/subscriptions/active?userId=cedc0064-0c9e-445e-9649-d344d6fe094d 404 - 0ms - IP: ::1
[2026-09-21T12:48:38.714Z] [GET] /api/returns?retailerId=cedc0064-0c9e-445e-9649-d344d6fe094d&storeId=JOHN-S-STORE 304 - 1ms - IP: ::1
[2026-09-21T12:48:38.715Z] [GET] /api/products?retailerId=cedc0064-0c9e-445e-9649-d344d6fe094d&storeId=JOHN-S-STORE 304 - 0ms - IP: ::1
[2026-09-21T12:50:06.808Z] [GET] /api/products?retailerId=cedc0064-0c9e-445e-9649-d344d6fe094d&storeId=JOHN-S-STORE 304 - 1ms - IP: ::1
[2026-09-21T12:50:06.808Z] [GET] /api/customers?retailerId=cedc0064-0c9e-445e-9649-d344d6fe094d&storeId=JOHN-S-STORE 304 - 0ms - IP: ::1
[2026-09-21T12:50:06.809Z] [AUDIT] Action invoked on route: [GET] /api/transactions?retailerId=cedc0064-0c9e-445e-9649-d344d6fe094d&storeId=JOHN-S-STORE
[2026-09-21T12:50:06.810Z] [GET] /api/transactions?retailerId=cedc0064-0c9e-445e-9649-d344d6fe094d&storeId=JOHN-S-STORE 304 - 1ms - IP: ::1
[2026-09-21T12:50:06.810Z] [GET] /api/purchase-orders?retailerId=cedc0064-0c9e-445e-9649-d344d6fe094d&storeId=JOHN-S-STORE 304 - 0ms - IP: ::1
[2026-09-21T12:50:06.811Z] [SUPPLIER-ROUTER-MIDDLEWARE] [GET] /api/suppliers | Client: Mozilla/5.0 (Windows NT 10.0; Win64; x64) AppleWebKit/537.36 (KHTML, like Gecko) Chrome/153.0.0.0 Safari/537.36
[2026-09-21T12:50:06.811Z] [GET] /api/returns?retailerId=cedc0064-0c9e-445e-9649-d344d6fe094d&storeId=JOHN-S-STORE 304 - 0ms - IP: ::1
[2026-09-21T12:50:06.812Z] [GET] /api/suppliers 304 - 1ms - IP: ::1
[2026-09-21T12:50:06.813Z] [GET] /api/platform-revenue/subscriptions/active?userId=cedc0064-0c9e-445e-9649-d344d6fe094d 404 - 1ms - IP: ::1
[2026-09-21T12:50:06.842Z] [GET] /api/products?retailerId=cedc0064-0c9e-445e-9649-d344d6fe094d&storeId=JOHN-S-STORE 304 - 1ms - IP: ::1
[2026-09-21T12:50:06.842Z] [GET] /api/returns?retailerId=cedc0064-0c9e-445e-9649-d344d6fe094d&storeId=JOHN-S-STORE 304 - 0ms - IP: ::1
[2026-09-21T12:50:06.843Z] [AUDIT] Action invoked on route: [GET] /api/transactions?retailerId=cedc0064-0c9e-445e-9649-d344d6fe094d&storeId=JOHN-S-STORE
[2026-09-21T12:50:06.844Z] [GET] /api/transactions?retailerId=cedc0064-0c9e-445e-9649-d344d6fe094d&storeId=JOHN-S-STORE 304 - 1ms - IP: ::1
[2026-09-21T12:50:06.844Z] [GET] /api/customers?retailerId=cedc0064-0c9e-445e-9649-d344d6fe094d&storeId=JOHN-S-STORE 304 - 0ms - IP: ::1
[2026-09-21T12:50:06.845Z] [GET] /api/purchase-orders?retailerId=cedc0064-0c9e-445e-9649-d344d6fe094d&storeId=JOHN-S-STORE 304 - 1ms - IP: ::1
[2026-09-21T12:50:06.845Z] [SUPPLIER-ROUTER-MIDDLEWARE] [GET] /api/suppliers | Client: Mozilla/5.0 (Windows NT 10.0; Win64; x64) AppleWebKit/537.36 (KHTML, like Gecko) Chrome/153.0.0.0 Safari/537.36
[2026-09-21T12:50:06.845Z] [GET] /api/suppliers 304 - 0ms - IP: ::1
[2026-09-21T12:50:06.848Z] [GET] /api/products?retailerId=cedc0064-0c9e-445e-9649-d344d6fe094d&storeId=JOHN-S-STORE 304 - 1ms - IP: ::1
[2026-09-21T12:50:06.849Z] [GET] /api/returns?retailerId=cedc0064-0c9e-445e-9649-d344d6fe094d&storeId=JOHN-S-STORE 304 - 1ms - IP: ::1
[2026-09-21T12:50:06.850Z] [GET] /api/platform-revenue/subscriptions/active?userId=cedc0064-0c9e-445e-9649-d344d6fe094d 404 - 1ms - IP: ::1
[2026-09-21T12:50:06.862Z] [GET] /api/returns?retailerId=cedc0064-0c9e-445e-9649-d344d6fe094d&storeId=JOHN-S-STORE 304 - 1ms - IP: ::1
[2026-09-21T12:50:06.863Z] [GET] /api/products?retailerId=cedc0064-0c9e-445e-9649-d344d6fe094d&storeId=JOHN-S-STORE 304 - 0ms - IP: ::1
[2026-09-21T12:51:09.187Z] [SUPPLIER-ROUTER-MIDDLEWARE] [GET] /api/suppliers | Client: Mozilla/5.0 (Windows NT 10.0; Win64; x64) AppleWebKit/537.36 (KHTML, like Gecko) Chrome/153.0.0.0 Safari/537.36
[2026-09-21T12:51:09.188Z] [GET] /api/suppliers 304 - 1ms - IP: ::1
[2026-09-21T12:51:09.189Z] [GET] /api/purchase-orders?retailerId=cedc0064-0c9e-445e-9649-d344d6fe094d&storeId=JOHN-S-STORE 304 - 1ms - IP: ::1
[2026-09-21T12:51:09.191Z] [GET] /api/returns?retailerId=cedc0064-0c9e-445e-9649-d344d6fe094d&storeId=JOHN-S-STORE 304 - 1ms - IP: ::1
[2026-09-21T12:51:09.193Z] [GET] /api/products?retailerId=cedc0064-0c9e-445e-9649-d344d6fe094d&storeId=JOHN-S-STORE 304 - 2ms - IP: ::1
[2026-09-21T12:51:09.198Z] [GET] /api/suppliers 304 - 2ms - IP: ::1
[2026-09-21T12:51:09.196Z] [SUPPLIER-ROUTER-MIDDLEWARE] [GET] /api/suppliers | Client: Mozilla/5.0 (Windows NT 10.0; Win64; x64) AppleWebKit/537.36 (KHTML, like Gecko) Chrome/153.0.0.0 Safari/537.36
[2026-09-21T12:51:09.201Z] [GET] /api/purchase-orders?retailerId=cedc0064-0c9e-445e-9649-d344d6fe094d&storeId=JOHN-S-STORE 304 - 1ms - IP: ::1
[2026-09-21T12:56:40.468Z] [GET] /api/products?retailerId=cedc0064-0c9e-445e-9649-d344d6fe094d&storeId=JOHN-S-STORE 304 - 1ms - IP: ::1
[2026-09-21T12:56:40.470Z] [GET] /api/returns?retailerId=cedc0064-0c9e-445e-9649-d344d6fe094d&storeId=JOHN-S-STORE 304 - 1ms - IP: ::1
[2026-09-21T12:56:40.473Z] [GET] /api/products?retailerId=cedc0064-0c9e-445e-9649-d344d6fe094d&storeId=JOHN-S-STORE 304 - 1ms - IP: ::1
[2026-09-21T12:56:40.478Z] [GET] /api/products?retailerId=cedc0064-0c9e-445e-9649-d344d6fe094d&storeId=JOHN-S-STORE 304 - 1ms - IP: ::1
[2026-09-21T12:56:43.452Z] [GET] /api/products?retailerId=cedc0064-0c9e-445e-9649-d344d6fe094d&storeId=JOHN-S-STORE 304 - 1ms - IP: ::1
[2026-09-21T12:56:43.454Z] [GET] /api/returns?retailerId=cedc0064-0c9e-445e-9649-d344d6fe094d&storeId=JOHN-S-STORE 304 - 1ms - IP: ::1
[2026-09-21T12:56:43.457Z] [GET] /api/returns?retailerId=cedc0064-0c9e-445e-9649-d344d6fe094d&storeId=JOHN-S-STORE 304 - 0ms - IP: ::1
[2026-09-21T12:56:43.462Z] [GET] /api/returns?retailerId=cedc0064-0c9e-445e-9649-d344d6fe094d&storeId=JOHN-S-STORE 304 - 0ms - IP: ::1
[2026-09-21T12:56:46.240Z] [PUT] /api/returns/RET-019?retailerId=cedc0064-0c9e-445e-9649-d344d6fe094d&storeId=JOHN-S-STORE 200 - 7ms - IP: ::1
[2026-09-21T12:56:52.414Z] [PUT] /api/returns/RET-019?retailerId=cedc0064-0c9e-445e-9649-d344d6fe094d&storeId=JOHN-S-STORE 200 - 2ms - IP: ::1
[2026-09-21T13:01:35.170Z] [GET] /api/returns?retailerId=cedc0064-0c9e-445e-9649-d344d6fe094d&storeId=JOHN-S-STORE 304 - 4ms - IP: ::1
[2026-09-21T13:01:35.175Z] [GET] /api/returns?retailerId=cedc0064-0c9e-445e-9649-d344d6fe094d&storeId=JOHN-S-STORE 304 - 1ms - IP: ::1
[2026-09-21T13:02:06.059Z] [SUPPLIER-ROUTER-MIDDLEWARE] [GET] /api/suppliers | Client: Mozilla/5.0 (Windows NT 10.0; Win64; x64) AppleWebKit/537.36 (KHTML, like Gecko) Chrome/153.0.0.0 Safari/537.36
[2026-09-21T13:02:06.060Z] [GET] /api/suppliers 304 - 1ms - IP: ::1
[2026-09-21T13:02:06.062Z] [GET] /api/purchase-orders?retailerId=cedc0064-0c9e-445e-9649-d344d6fe094d&storeId=JOHN-S-STORE 304 - 1ms - IP: ::1
[2026-09-21T13:02:06.063Z] [GET] /api/returns?retailerId=cedc0064-0c9e-445e-9649-d344d6fe094d&storeId=JOHN-S-STORE 304 - 0ms - IP: ::1
[2026-09-21T13:02:06.068Z] [GET] /api/products?retailerId=cedc0064-0c9e-445e-9649-d344d6fe094d&storeId=JOHN-S-STORE 304 - 4ms - IP: ::1
[2026-09-21T13:02:06.069Z] [SUPPLIER-ROUTER-MIDDLEWARE] [GET] /api/suppliers | Client: Mozilla/5.0 (Windows NT 10.0; Win64; x64) AppleWebKit/537.36 (KHTML, like Gecko) Chrome/153.0.0.0 Safari/537.36
[2026-09-21T13:02:06.071Z] [GET] /api/suppliers 304 - 2ms - IP: ::1
[2026-09-21T13:02:06.074Z] [GET] /api/purchase-orders?retailerId=cedc0064-0c9e-445e-9649-d344d6fe094d&storeId=JOHN-S-STORE 304 - 1ms - IP: ::1
[2026-09-21T13:02:07.475Z] [GET] /api/products?retailerId=cedc0064-0c9e-445e-9649-d344d6fe094d&storeId=JOHN-S-STORE 304 - 1ms - IP: ::1
[2026-09-21T13:02:07.477Z] [GET] /api/returns?retailerId=cedc0064-0c9e-445e-9649-d344d6fe094d&storeId=JOHN-S-STORE 304 - 1ms - IP: ::1
[2026-09-21T13:02:07.481Z] [GET] /api/products?retailerId=cedc0064-0c9e-445e-9649-d344d6fe094d&storeId=JOHN-S-STORE 304 - 1ms - IP: ::1
[2026-09-21T13:02:07.486Z] [GET] /api/products?retailerId=cedc0064-0c9e-445e-9649-d344d6fe094d&storeId=JOHN-S-STORE 304 - 1ms - IP: ::1
[2026-09-21T13:02:08.862Z] [GET] /api/customers?retailerId=cedc0064-0c9e-445e-9649-d344d6fe094d&storeId=JOHN-S-STORE 304 - 1ms - IP: ::1
[2026-09-21T13:02:08.864Z] [GET] /api/returns?retailerId=cedc0064-0c9e-445e-9649-d344d6fe094d&storeId=JOHN-S-STORE 304 - 1ms - IP: ::1
[2026-09-21T13:02:08.865Z] [GET] /api/products?retailerId=cedc0064-0c9e-445e-9649-d344d6fe094d&storeId=JOHN-S-STORE 304 - 1ms - IP: ::1
[2026-09-21T13:02:08.867Z] [GET] /api/customers?retailerId=cedc0064-0c9e-445e-9649-d344d6fe094d&storeId=JOHN-S-STORE 304 - 0ms - IP: ::1
[2026-09-21T13:02:09.420Z] [AUDIT] Action invoked on route: [GET] /api/billers?retailerId=cedc0064-0c9e-445e-9649-d344d6fe094d&storeId=JOHN-S-STORE
[2026-09-21T13:02:09.421Z] [GET] /api/billers?retailerId=cedc0064-0c9e-445e-9649-d344d6fe094d&storeId=JOHN-S-STORE 304 - 1ms - IP: ::1
[2026-09-21T13:02:09.423Z] [GET] /api/products?retailerId=cedc0064-0c9e-445e-9649-d344d6fe094d&storeId=JOHN-S-STORE 304 - 2ms - IP: ::1
[2026-09-21T13:02:09.424Z] [GET] /api/returns?retailerId=cedc0064-0c9e-445e-9649-d344d6fe094d&storeId=JOHN-S-STORE 304 - 1ms - IP: ::1
[2026-09-21T13:02:09.426Z] [AUDIT] Action invoked on route: [GET] /api/billers?retailerId=cedc0064-0c9e-445e-9649-d344d6fe094d&storeId=JOHN-S-STORE
[2026-09-21T13:02:09.427Z] [GET] /api/billers?retailerId=cedc0064-0c9e-445e-9649-d344d6fe094d&storeId=JOHN-S-STORE 304 - 1ms - IP: ::1
[2026-09-21T13:02:09.867Z] [SUPPLIER-ROUTER-MIDDLEWARE] [GET] /api/suppliers | Client: Mozilla/5.0 (Windows NT 10.0; Win64; x64) AppleWebKit/537.36 (KHTML, like Gecko) Chrome/153.0.0.0 Safari/537.36
[2026-09-21T13:02:09.868Z] [GET] /api/suppliers 304 - 1ms - IP: ::1
[2026-09-21T13:02:09.869Z] [GET] /api/returns?retailerId=cedc0064-0c9e-445e-9649-d344d6fe094d&storeId=JOHN-S-STORE 304 - 1ms - IP: ::1
[2026-09-21T13:02:09.871Z] [GET] /api/products?retailerId=cedc0064-0c9e-445e-9649-d344d6fe094d&storeId=JOHN-S-STORE 304 - 1ms - IP: ::1
[2026-09-21T13:02:09.872Z] [SUPPLIER-ROUTER-MIDDLEWARE] [GET] /api/suppliers | Client: Mozilla/5.0 (Windows NT 10.0; Win64; x64) AppleWebKit/537.36 (KHTML, like Gecko) Chrome/153.0.0.0 Safari/537.36
[2026-09-21T13:02:09.873Z] [GET] /api/suppliers 304 - 1ms - IP: ::1
[2026-09-21T13:02:10.666Z] [AUDIT] Action invoked on route: [GET] /api/billers?retailerId=cedc0064-0c9e-445e-9649-d344d6fe094d&storeId=JOHN-S-STORE
[2026-09-21T13:02:10.667Z] [GET] /api/billers?retailerId=cedc0064-0c9e-445e-9649-d344d6fe094d&storeId=JOHN-S-STORE 304 - 1ms - IP: ::1
[2026-09-21T13:02:10.670Z] [GET] /api/returns?retailerId=cedc0064-0c9e-445e-9649-d344d6fe094d&storeId=JOHN-S-STORE 304 - 1ms - IP: ::1
[2026-09-21T13:02:10.673Z] [GET] /api/products?retailerId=cedc0064-0c9e-445e-9649-d344d6fe094d&storeId=JOHN-S-STORE 304 - 2ms - IP: ::1
[2026-09-21T13:02:10.674Z] [GET] /api/billers?retailerId=cedc0064-0c9e-445e-9649-d344d6fe094d&storeId=JOHN-S-STORE 304 - 0ms - IP: ::1
[2026-09-21T13:02:10.674Z] [AUDIT] Action invoked on route: [GET] /api/billers?retailerId=cedc0064-0c9e-445e-9649-d344d6fe094d&storeId=JOHN-S-STORE
[2026-09-21T13:02:11.582Z] [SUPPLIER-ROUTER-MIDDLEWARE] [GET] /api/suppliers | Client: Mozilla/5.0 (Windows NT 10.0; Win64; x64) AppleWebKit/537.36 (KHTML, like Gecko) Chrome/153.0.0.0 Safari/537.36
[2026-09-21T13:02:11.583Z] [GET] /api/suppliers 304 - 1ms - IP: ::1
[2026-09-21T13:02:11.584Z] [GET] /api/returns?retailerId=cedc0064-0c9e-445e-9649-d344d6fe094d&storeId=JOHN-S-STORE 304 - 1ms - IP: ::1
[2026-09-21T13:02:11.586Z] [GET] /api/products?retailerId=cedc0064-0c9e-445e-9649-d344d6fe094d&storeId=JOHN-S-STORE 304 - 1ms - IP: ::1
[2026-09-21T13:02:11.587Z] [SUPPLIER-ROUTER-MIDDLEWARE] [GET] /api/suppliers | Client: Mozilla/5.0 (Windows NT 10.0; Win64; x64) AppleWebKit/537.36 (KHTML, like Gecko) Chrome/153.0.0.0 Safari/537.36
[2026-09-21T13:02:11.588Z] [GET] /api/suppliers 304 - 1ms - IP: ::1
[2026-09-21T13:02:15.529Z] [GET] /api/products?retailerId=cedc0064-0c9e-445e-9649-d344d6fe094d&storeId=JOHN-S-STORE 304 - 1ms - IP: ::1
[2026-09-21T13:02:15.531Z] [GET] /api/stock-adjustments?retailerId=cedc0064-0c9e-445e-9649-d344d6fe094d&storeId=JOHN-S-STORE 304 - 1ms - IP: ::1
[2026-09-21T13:02:15.532Z] [GET] /api/returns?retailerId=cedc0064-0c9e-445e-9649-d344d6fe094d&storeId=JOHN-S-STORE 304 - 1ms - IP: ::1
[2026-09-21T13:02:15.535Z] [GET] /api/products?retailerId=cedc0064-0c9e-445e-9649-d344d6fe094d&storeId=JOHN-S-STORE 304 - 1ms - IP: ::1
[2026-09-21T13:02:15.536Z] [GET] /api/stock-adjustments?retailerId=cedc0064-0c9e-445e-9649-d344d6fe094d&storeId=JOHN-S-STORE 304 - 0ms - IP: ::1
[2026-09-21T13:02:15.540Z] [GET] /api/products?retailerId=cedc0064-0c9e-445e-9649-d344d6fe094d&storeId=JOHN-S-STORE 304 - 1ms - IP: ::1
[2026-09-21T13:02:18.110Z] [GET] /api/returns?retailerId=cedc0064-0c9e-445e-9649-d344d6fe094d&storeId=JOHN-S-STORE 304 - 1ms - IP: ::1
[2026-09-21T13:02:18.112Z] [GET] /api/products?retailerId=cedc0064-0c9e-445e-9649-d344d6fe094d&storeId=JOHN-S-STORE 304 - 1ms - IP: ::1
[2026-09-21T13:02:18.116Z] [GET] /api/products?retailerId=cedc0064-0c9e-445e-9649-d344d6fe094d&storeId=JOHN-S-STORE 304 - 1ms - IP: ::1
[2026-09-21T13:02:18.118Z] [GET] /api/stores?retailerId=cedc0064-0c9e-445e-9649-d344d6fe094d&storeId=JOHN-S-STORE 304 - 1ms - IP: ::1
[2026-09-21T13:02:18.122Z] [GET] /api/products?retailerId=cedc0064-0c9e-445e-9649-d344d6fe094d&storeId=JOHN-S-STORE 304 - 1ms - IP: ::1
[2026-09-21T13:02:18.129Z] [GET] /api/stores?retailerId=cedc0064-0c9e-445e-9649-d344d6fe094d&storeId=JOHN-S-STORE 304 - 0ms - IP: ::1
[2026-09-21T13:02:19.652Z] [GET] /api/products?retailerId=cedc0064-0c9e-445e-9649-d344d6fe094d&storeId=JOHN-S-STORE 304 - 2ms - IP: ::1
[2026-09-21T13:02:19.653Z] [GET] /api/returns?retailerId=cedc0064-0c9e-445e-9649-d344d6fe094d&storeId=JOHN-S-STORE 304 - 1ms - IP: ::1
[2026-09-21T13:02:19.656Z] [GET] /api/products?retailerId=cedc0064-0c9e-445e-9649-d344d6fe094d&storeId=JOHN-S-STORE 304 - 1ms - IP: ::1
[2026-09-21T13:02:19.660Z] [GET] /api/products?retailerId=cedc0064-0c9e-445e-9649-d344d6fe094d&storeId=JOHN-S-STORE 304 - 1ms - IP: ::1
[2026-09-21T13:02:22.210Z] [GET] /api/returns?retailerId=cedc0064-0c9e-445e-9649-d344d6fe094d&storeId=JOHN-S-STORE 304 - 0ms - IP: ::1
[2026-09-21T13:02:22.212Z] [GET] /api/products?retailerId=cedc0064-0c9e-445e-9649-d344d6fe094d&storeId=JOHN-S-STORE 304 - 1ms - IP: ::1
[2026-09-21T13:02:22.217Z] [GET] /api/products?retailerId=cedc0064-0c9e-445e-9649-d344d6fe094d&storeId=JOHN-S-STORE 304 - 1ms - IP: ::1
[2026-09-21T13:02:22.217Z] [SUPPLIER-ROUTER-MIDDLEWARE] [GET] /api/suppliers | Client: Mozilla/5.0 (Windows NT 10.0; Win64; x64) AppleWebKit/537.36 (KHTML, like Gecko) Chrome/153.0.0.0 Safari/537.36
[2026-09-21T13:02:22.218Z] [GET] /api/suppliers 304 - 1ms - IP: ::1
[2026-09-21T13:02:22.221Z] [GET] /api/products?retailerId=cedc0064-0c9e-445e-9649-d344d6fe094d&storeId=JOHN-S-STORE 304 - 1ms - IP: ::1
[2026-09-21T13:02:22.222Z] [GET] /api/stores?retailerId=cedc0064-0c9e-445e-9649-d344d6fe094d&storeId=JOHN-S-STORE 304 - 0ms - IP: ::1
[2026-09-21T13:02:22.226Z] [SUPPLIER-ROUTER-MIDDLEWARE] [GET] /api/suppliers | Client: Mozilla/5.0 (Windows NT 10.0; Win64; x64) AppleWebKit/537.36 (KHTML, like Gecko) Chrome/153.0.0.0 Safari/537.36
[2026-09-21T13:02:22.226Z] [GET] /api/suppliers 304 - 0ms - IP: ::1
[2026-09-21T13:02:22.270Z] [GET] /api/stores?retailerId=cedc0064-0c9e-445e-9649-d344d6fe094d&storeId=JOHN-S-STORE 304 - 1ms - IP: ::1
[2026-09-21T13:02:23.980Z] [GET] /api/products?retailerId=cedc0064-0c9e-445e-9649-d344d6fe094d&storeId=JOHN-S-STORE 304 - 0ms - IP: ::1
[2026-09-21T13:02:23.981Z] [GET] /api/returns?retailerId=cedc0064-0c9e-445e-9649-d344d6fe094d&storeId=JOHN-S-STORE 304 - 0ms - IP: ::1
[2026-09-21T13:02:23.985Z] [GET] /api/products?retailerId=cedc0064-0c9e-445e-9649-d344d6fe094d&storeId=JOHN-S-STORE 304 - 1ms - IP: ::1
[2026-09-21T13:02:23.986Z] [SUPPLIER-ROUTER-MIDDLEWARE] [GET] /api/suppliers | Client: Mozilla/5.0 (Windows NT 10.0; Win64; x64) AppleWebKit/537.36 (KHTML, like Gecko) Chrome/153.0.0.0 Safari/537.36
[2026-09-21T13:02:23.987Z] [GET] /api/suppliers 304 - 1ms - IP: ::1
[2026-09-21T13:02:23.990Z] [GET] /api/products?retailerId=cedc0064-0c9e-445e-9649-d344d6fe094d&storeId=JOHN-S-STORE 304 - 1ms - IP: ::1
[2026-09-21T13:02:23.995Z] [GET] /api/stores?retailerId=cedc0064-0c9e-445e-9649-d344d6fe094d&storeId=JOHN-S-STORE 304 - 0ms - IP: ::1
[2026-09-21T13:02:24.000Z] [SUPPLIER-ROUTER-MIDDLEWARE] [GET] /api/suppliers | Client: Mozilla/5.0 (Windows NT 10.0; Win64; x64) AppleWebKit/537.36 (KHTML, like Gecko) Chrome/153.0.0.0 Safari/537.36
[2026-09-21T13:02:24.001Z] [GET] /api/suppliers 304 - 1ms - IP: ::1
[2026-09-21T13:02:24.010Z] [GET] /api/stores?retailerId=cedc0064-0c9e-445e-9649-d344d6fe094d&storeId=JOHN-S-STORE 304 - 0ms - IP: ::1
[2026-09-21T13:02:24.498Z] [GET] /api/products?retailerId=cedc0064-0c9e-445e-9649-d344d6fe094d&storeId=JOHN-S-STORE 304 - 1ms - IP: ::1
[2026-09-21T13:02:24.500Z] [GET] /api/returns?retailerId=cedc0064-0c9e-445e-9649-d344d6fe094d&storeId=JOHN-S-STORE 304 - 1ms - IP: ::1
[2026-09-21T13:02:24.502Z] [GET] /api/products?retailerId=cedc0064-0c9e-445e-9649-d344d6fe094d&storeId=JOHN-S-STORE 304 - 0ms - IP: ::1
[2026-09-21T13:02:24.507Z] [GET] /api/products?retailerId=cedc0064-0c9e-445e-9649-d344d6fe094d&storeId=JOHN-S-STORE 304 - 1ms - IP: ::1
[2026-09-21T13:02:25.421Z] [GET] /api/products?retailerId=cedc0064-0c9e-445e-9649-d344d6fe094d&storeId=JOHN-S-STORE 304 - 1ms - IP: ::1
[2026-09-21T13:02:25.421Z] [GET] /api/customers?retailerId=cedc0064-0c9e-445e-9649-d344d6fe094d&storeId=JOHN-S-STORE 304 - 0ms - IP: ::1
[2026-09-21T13:02:25.422Z] [AUDIT] Action invoked on route: [GET] /api/transactions?retailerId=cedc0064-0c9e-445e-9649-d344d6fe094d&storeId=JOHN-S-STORE
[2026-09-21T13:02:25.422Z] [GET] /api/transactions?retailerId=cedc0064-0c9e-445e-9649-d344d6fe094d&storeId=JOHN-S-STORE 304 - 0ms - IP: ::1
[2026-09-21T13:02:25.424Z] [GET] /api/returns?retailerId=cedc0064-0c9e-445e-9649-d344d6fe094d&storeId=JOHN-S-STORE 304 - 0ms - IP: ::1
[2026-09-21T13:02:25.423Z] [GET] /api/purchase-orders?retailerId=cedc0064-0c9e-445e-9649-d344d6fe094d&storeId=JOHN-S-STORE 304 - 0ms - IP: ::1
[2026-09-21T13:02:25.425Z] [SUPPLIER-ROUTER-MIDDLEWARE] [GET] /api/suppliers | Client: Mozilla/5.0 (Windows NT 10.0; Win64; x64) AppleWebKit/537.36 (KHTML, like Gecko) Chrome/153.0.0.0 Safari/537.36
[2026-09-21T13:02:25.426Z] [GET] /api/suppliers 304 - 1ms - IP: ::1
[2026-09-21T13:02:25.429Z] [GET] /api/platform-revenue/subscriptions/active?userId=cedc0064-0c9e-445e-9649-d344d6fe094d 404 - 3ms - IP: ::1
[2026-09-21T13:02:25.447Z] [GET] /api/returns?retailerId=cedc0064-0c9e-445e-9649-d344d6fe094d&storeId=JOHN-S-STORE 304 - 0ms - IP: ::1
[2026-09-21T13:02:25.449Z] [GET] /api/products?retailerId=cedc0064-0c9e-445e-9649-d344d6fe094d&storeId=JOHN-S-STORE 304 - 1ms - IP: ::1
[2026-09-21T13:02:25.451Z] [AUDIT] Action invoked on route: [GET] /api/transactions?retailerId=cedc0064-0c9e-445e-9649-d344d6fe094d&storeId=JOHN-S-STORE
[2026-09-21T13:02:25.452Z] [GET] /api/transactions?retailerId=cedc0064-0c9e-445e-9649-d344d6fe094d&storeId=JOHN-S-STORE 304 - 1ms - IP: ::1
[2026-09-21T13:02:25.453Z] [GET] /api/customers?retailerId=cedc0064-0c9e-445e-9649-d344d6fe094d&storeId=JOHN-S-STORE 304 - 0ms - IP: ::1
[2026-09-21T13:02:25.454Z] [GET] /api/purchase-orders?retailerId=cedc0064-0c9e-445e-9649-d344d6fe094d&storeId=JOHN-S-STORE 304 - 0ms - IP: ::1
[2026-09-21T13:02:25.455Z] [SUPPLIER-ROUTER-MIDDLEWARE] [GET] /api/suppliers | Client: Mozilla/5.0 (Windows NT 10.0; Win64; x64) AppleWebKit/537.36 (KHTML, like Gecko) Chrome/153.0.0.0 Safari/537.36
[2026-09-21T13:02:25.456Z] [GET] /api/suppliers 304 - 1ms - IP: ::1
[2026-09-21T13:02:25.458Z] [GET] /api/platform-revenue/subscriptions/active?userId=cedc0064-0c9e-445e-9649-d344d6fe094d 404 - 1ms - IP: ::1
[2026-09-21T13:02:25.459Z] [GET] /api/returns?retailerId=cedc0064-0c9e-445e-9649-d344d6fe094d&storeId=JOHN-S-STORE 304 - 1ms - IP: ::1
[2026-09-21T13:02:25.461Z] [GET] /api/products?retailerId=cedc0064-0c9e-445e-9649-d344d6fe094d&storeId=JOHN-S-STORE 304 - 1ms - IP: ::1
[2026-09-21T13:02:53.188Z] [GET] /api/products?retailerId=cedc0064-0c9e-445e-9649-d344d6fe094d&storeId=JOHN-S-STORE 304 - 0ms - IP: ::1
[2026-09-21T13:02:53.189Z] [GET] /api/customers?retailerId=cedc0064-0c9e-445e-9649-d344d6fe094d&storeId=JOHN-S-STORE 304 - 0ms - IP: ::1
[2026-09-21T13:02:53.191Z] [GET] /api/transactions?retailerId=cedc0064-0c9e-445e-9649-d344d6fe094d&storeId=JOHN-S-STORE 304 - 1ms - IP: ::1
[2026-09-21T13:02:53.192Z] [GET] /api/purchase-orders?retailerId=cedc0064-0c9e-445e-9649-d344d6fe094d&storeId=JOHN-S-STORE 304 - 1ms - IP: ::1
[2026-09-21T13:02:53.190Z] [AUDIT] Action invoked on route: [GET] /api/transactions?retailerId=cedc0064-0c9e-445e-9649-d344d6fe094d&storeId=JOHN-S-STORE
[2026-09-21T13:02:53.194Z] [GET] /api/returns?retailerId=cedc0064-0c9e-445e-9649-d344d6fe094d&storeId=JOHN-S-STORE 304 - 1ms - IP: ::1
[2026-09-21T13:02:53.195Z] [GET] /api/suppliers 304 - 1ms - IP: ::1
[2026-09-21T13:02:53.194Z] [SUPPLIER-ROUTER-MIDDLEWARE] [GET] /api/suppliers | Client: Mozilla/5.0 (Windows NT 10.0; Win64; x64) AppleWebKit/537.36 (KHTML, like Gecko) Chrome/153.0.0.0 Safari/537.36
[2026-09-21T13:02:53.196Z] [GET] /api/platform-revenue/subscriptions/active?userId=cedc0064-0c9e-445e-9649-d344d6fe094d 404 - 0ms - IP: ::1
[2026-09-21T13:02:53.249Z] [GET] /api/returns?retailerId=cedc0064-0c9e-445e-9649-d344d6fe094d&storeId=JOHN-S-STORE 304 - 0ms - IP: ::1
[2026-09-21T13:02:53.250Z] [GET] /api/products?retailerId=cedc0064-0c9e-445e-9649-d344d6fe094d&storeId=JOHN-S-STORE 304 - 0ms - IP: ::1
[2026-09-21T13:02:53.252Z] [GET] /api/customers?retailerId=cedc0064-0c9e-445e-9649-d344d6fe094d&storeId=JOHN-S-STORE 304 - 1ms - IP: ::1
[2026-09-21T13:02:53.252Z] [AUDIT] Action invoked on route: [GET] /api/transactions?retailerId=cedc0064-0c9e-445e-9649-d344d6fe094d&storeId=JOHN-S-STORE
[2026-09-21T13:02:53.253Z] [GET] /api/transactions?retailerId=cedc0064-0c9e-445e-9649-d344d6fe094d&storeId=JOHN-S-STORE 304 - 1ms - IP: ::1
[2026-09-21T13:02:53.253Z] [GET] /api/purchase-orders?retailerId=cedc0064-0c9e-445e-9649-d344d6fe094d&storeId=JOHN-S-STORE 304 - 0ms - IP: ::1
[2026-09-21T13:02:53.257Z] [GET] /api/returns?retailerId=cedc0064-0c9e-445e-9649-d344d6fe094d&storeId=JOHN-S-STORE 304 - 1ms - IP: ::1
[2026-09-21T13:02:53.257Z] [SUPPLIER-ROUTER-MIDDLEWARE] [GET] /api/suppliers | Client: Mozilla/5.0 (Windows NT 10.0; Win64; x64) AppleWebKit/537.36 (KHTML, like Gecko) Chrome/153.0.0.0 Safari/537.36
[2026-09-21T13:02:53.257Z] [GET] /api/suppliers 304 - 0ms - IP: ::1
[2026-09-21T13:02:53.258Z] [GET] /api/platform-revenue/subscriptions/active?userId=cedc0064-0c9e-445e-9649-d344d6fe094d 404 - 0ms - IP: ::1
[2026-09-21T13:02:53.259Z] [GET] /api/products?retailerId=cedc0064-0c9e-445e-9649-d344d6fe094d&storeId=JOHN-S-STORE 304 - 0ms - IP: ::1
[2026-09-21T13:02:53.275Z] [GET] /api/returns?retailerId=cedc0064-0c9e-445e-9649-d344d6fe094d&storeId=JOHN-S-STORE 304 - 1ms - IP: ::1
[2026-09-21T13:02:53.276Z] [GET] /api/products?retailerId=cedc0064-0c9e-445e-9649-d344d6fe094d&storeId=JOHN-S-STORE 304 - 1ms - IP: ::1
[2026-09-21T13:03:31.207Z] [GET] /api/returns?retailerId=cedc0064-0c9e-445e-9649-d344d6fe094d&storeId=JOHN-S-STORE 304 - 3ms - IP: ::1
[2026-09-21T13:03:31.209Z] [GET] /api/products?retailerId=cedc0064-0c9e-445e-9649-d344d6fe094d&storeId=JOHN-S-STORE 304 - 1ms - IP: ::1
[2026-09-21T13:03:31.215Z] [GET] /api/returns?retailerId=cedc0064-0c9e-445e-9649-d344d6fe094d&storeId=JOHN-S-STORE 304 - 2ms - IP: ::1
[2026-09-21T13:03:31.222Z] [GET] /api/returns?retailerId=cedc0064-0c9e-445e-9649-d344d6fe094d&storeId=JOHN-S-STORE 304 - 0ms - IP: ::1
[2026-09-21T13:07:04.002Z] [POST] /api/returns?retailerId=cedc0064-0c9e-445e-9649-d344d6fe094d&storeId=JOHN-S-STORE 400 - 5ms - IP: ::1
[2026-09-21T13:08:23.008Z] [PUT] /api/returns/RET-003?retailerId=cedc0064-0c9e-445e-9649-d344d6fe094d&storeId=JOHN-S-STORE 404 - 3ms - IP: ::1
[2026-09-21T13:09:57.647Z] [PUT] /api/returns/RET-003?retailerId=cedc0064-0c9e-445e-9649-d344d6fe094d&storeId=JOHN-S-STORE 404 - 2ms - IP: ::1
[2026-09-21T13:10:59.757Z] [PUT] /api/returns/RET-003?retailerId=cedc0064-0c9e-445e-9649-d344d6fe094d&storeId=JOHN-S-STORE 404 - 3ms - IP: ::1
[2026-09-21T13:12:08.954Z] [PUT] /api/returns/RET-003?retailerId=cedc0064-0c9e-445e-9649-d344d6fe094d&storeId=JOHN-S-STORE 404 - 2ms - IP: ::1
[2026-09-21T13:13:38.669Z] [PUT] /api/returns/RET-003?retailerId=cedc0064-0c9e-445e-9649-d344d6fe094d&storeId=JOHN-S-STORE 404 - 2ms - IP: ::1
[2026-09-21T13:16:54.812Z] [GET] /api/purchase-orders?retailerId=cedc0064-0c9e-445e-9649-d344d6fe094d&storeId=JOHN-S-STORE 304 - 0ms - IP: ::1
[2026-09-21T13:16:54.812Z] [SUPPLIER-ROUTER-MIDDLEWARE] [GET] /api/suppliers | Client: Mozilla/5.0 (Windows NT 10.0; Win64; x64) AppleWebKit/537.36 (KHTML, like Gecko) Chrome/153.0.0.0 Safari/537.36
[2026-09-21T13:16:54.813Z] [GET] /api/returns?retailerId=cedc0064-0c9e-445e-9649-d344d6fe094d&storeId=JOHN-S-STORE 304 - 0ms - IP: ::1
[2026-09-21T13:16:54.813Z] [GET] /api/suppliers 304 - 1ms - IP: ::1
[2026-09-21T13:16:54.814Z] [GET] /api/products?retailerId=cedc0064-0c9e-445e-9649-d344d6fe094d&storeId=JOHN-S-STORE 304 - 0ms - IP: ::1
[2026-09-21T13:16:54.815Z] [GET] /api/purchase-orders?retailerId=cedc0064-0c9e-445e-9649-d344d6fe094d&storeId=JOHN-S-STORE 304 - 0ms - IP: ::1
[2026-09-21T13:16:54.816Z] [SUPPLIER-ROUTER-MIDDLEWARE] [GET] /api/suppliers | Client: Mozilla/5.0 (Windows NT 10.0; Win64; x64) AppleWebKit/537.36 (KHTML, like Gecko) Chrome/153.0.0.0 Safari/537.36
[2026-09-21T13:16:54.817Z] [GET] /api/suppliers 304 - 1ms - IP: ::1
[2026-09-21T13:16:55.379Z] [GET] /api/returns?retailerId=cedc0064-0c9e-445e-9649-d344d6fe094d&storeId=JOHN-S-STORE 304 - 1ms - IP: ::1
[2026-09-21T13:16:55.380Z] [GET] /api/products?retailerId=cedc0064-0c9e-445e-9649-d344d6fe094d&storeId=JOHN-S-STORE 304 - 1ms - IP: ::1
[2026-09-21T13:16:55.384Z] [GET] /api/products?retailerId=cedc0064-0c9e-445e-9649-d344d6fe094d&storeId=JOHN-S-STORE 304 - 1ms - IP: ::1
[2026-09-21T13:16:55.389Z] [GET] /api/products?retailerId=cedc0064-0c9e-445e-9649-d344d6fe094d&storeId=JOHN-S-STORE 304 - 2ms - IP: ::1
[2026-09-21T14:37:45.909Z] [GET] /api/returns?retailerId=cedc0064-0c9e-445e-9649-d344d6fe094d&storeId=JOHN-S-STORE 304 - 1ms - IP: ::1
[2026-09-21T14:37:45.910Z] [GET] /api/products?retailerId=cedc0064-0c9e-445e-9649-d344d6fe094d&storeId=JOHN-S-STORE 304 - 1ms - IP: ::1
[2026-09-21T14:37:50.910Z] [GET] /api/products?retailerId=cedc0064-0c9e-445e-9649-d344d6fe094d&storeId=JOHN-S-STORE 304 - 1ms - IP: ::1
[2026-09-21T14:37:50.911Z] [GET] /api/returns?retailerId=cedc0064-0c9e-445e-9649-d344d6fe094d&storeId=JOHN-S-STORE 304 - 1ms - IP: ::1
[2026-09-21T14:37:50.915Z] [GET] /api/products?retailerId=cedc0064-0c9e-445e-9649-d344d6fe094d&storeId=JOHN-S-STORE 304 - 1ms - IP: ::1
[2026-09-21T14:37:50.917Z] [GET] /api/stores?retailerId=cedc0064-0c9e-445e-9649-d344d6fe094d&storeId=JOHN-S-STORE 304 - 1ms - IP: ::1
[2026-09-21T14:37:50.920Z] [GET] /api/products?retailerId=cedc0064-0c9e-445e-9649-d344d6fe094d&storeId=JOHN-S-STORE 304 - 1ms - IP: ::1
[2026-09-21T14:37:50.932Z] [GET] /api/stores?retailerId=cedc0064-0c9e-445e-9649-d344d6fe094d&storeId=JOHN-S-STORE 304 - 1ms - IP: ::1
[2026-09-21T14:37:53.061Z] [GET] /api/products?retailerId=cedc0064-0c9e-445e-9649-d344d6fe094d&storeId=JOHN-S-STORE 304 - 1ms - IP: ::1
[2026-09-21T14:37:53.063Z] [GET] /api/returns?retailerId=cedc0064-0c9e-445e-9649-d344d6fe094d&storeId=JOHN-S-STORE 304 - 1ms - IP: ::1
[2026-09-21T14:37:53.065Z] [GET] /api/products?retailerId=cedc0064-0c9e-445e-9649-d344d6fe094d&storeId=JOHN-S-STORE 304 - 1ms - IP: ::1
[2026-09-21T14:37:53.066Z] [SUPPLIER-ROUTER-MIDDLEWARE] [GET] /api/suppliers | Client: Mozilla/5.0 (Windows NT 10.0; Win64; x64) AppleWebKit/537.36 (KHTML, like Gecko) Chrome/153.0.0.0 Safari/537.36
[2026-09-21T14:37:53.066Z] [GET] /api/suppliers 304 - 0ms - IP: ::1
[2026-09-21T14:37:53.068Z] [GET] /api/products?retailerId=cedc0064-0c9e-445e-9649-d344d6fe094d&storeId=JOHN-S-STORE 304 - 1ms - IP: ::1
[2026-09-21T14:37:53.071Z] [GET] /api/stores?retailerId=cedc0064-0c9e-445e-9649-d344d6fe094d&storeId=JOHN-S-STORE 304 - 0ms - IP: ::1
[2026-09-21T14:37:53.072Z] [SUPPLIER-ROUTER-MIDDLEWARE] [GET] /api/suppliers | Client: Mozilla/5.0 (Windows NT 10.0; Win64; x64) AppleWebKit/537.36 (KHTML, like Gecko) Chrome/153.0.0.0 Safari/537.36
[2026-09-21T14:37:53.073Z] [GET] /api/suppliers 304 - 1ms - IP: ::1
[2026-09-21T14:37:53.096Z] [GET] /api/stores?retailerId=cedc0064-0c9e-445e-9649-d344d6fe094d&storeId=JOHN-S-STORE 304 - 1ms - IP: ::1
[2026-09-21T14:37:53.693Z] [GET] /api/products?retailerId=cedc0064-0c9e-445e-9649-d344d6fe094d&storeId=JOHN-S-STORE 304 - 2ms - IP: ::1
[2026-09-21T14:37:53.705Z] [GET] /api/products?retailerId=cedc0064-0c9e-445e-9649-d344d6fe094d&storeId=JOHN-S-STORE 304 - 1ms - IP: ::1
[2026-09-21T14:37:53.707Z] [GET] /api/returns?retailerId=cedc0064-0c9e-445e-9649-d344d6fe094d&storeId=JOHN-S-STORE 304 - 1ms - IP: ::1
[2026-09-21T14:37:53.709Z] [GET] /api/products?retailerId=cedc0064-0c9e-445e-9649-d344d6fe094d&storeId=JOHN-S-STORE 304 - 0ms - IP: ::1
[2026-09-21T14:37:54.160Z] [GET] /api/returns?retailerId=cedc0064-0c9e-445e-9649-d344d6fe094d&storeId=JOHN-S-STORE 304 - 1ms - IP: ::1
[2026-09-21T14:37:54.161Z] [GET] /api/products?retailerId=cedc0064-0c9e-445e-9649-d344d6fe094d&storeId=JOHN-S-STORE 304 - 1ms - IP: ::1
[2026-09-21T14:37:54.165Z] [GET] /api/products?retailerId=cedc0064-0c9e-445e-9649-d344d6fe094d&storeId=JOHN-S-STORE 304 - 1ms - IP: ::1
[2026-09-21T14:37:54.169Z] [GET] /api/products?retailerId=cedc0064-0c9e-445e-9649-d344d6fe094d&storeId=JOHN-S-STORE 304 - 1ms - IP: ::1
[2026-09-21T14:37:54.688Z] [GET] /api/products?retailerId=cedc0064-0c9e-445e-9649-d344d6fe094d&storeId=JOHN-S-STORE 304 - 1ms - IP: ::1
[2026-09-21T14:37:54.691Z] [GET] /api/returns?retailerId=cedc0064-0c9e-445e-9649-d344d6fe094d&storeId=JOHN-S-STORE 304 - 1ms - IP: ::1
[2026-09-21T14:37:54.692Z] [GET] /api/products?retailerId=cedc0064-0c9e-445e-9649-d344d6fe094d&storeId=JOHN-S-STORE 304 - 0ms - IP: ::1
[2026-09-21T14:37:54.696Z] [GET] /api/products?retailerId=cedc0064-0c9e-445e-9649-d344d6fe094d&storeId=JOHN-S-STORE 304 - 1ms - IP: ::1
[2026-09-21T14:37:55.371Z] [GET] /api/products?retailerId=cedc0064-0c9e-445e-9649-d344d6fe094d&storeId=JOHN-S-STORE 304 - 1ms - IP: ::1
[2026-09-21T14:37:55.371Z] [GET] /api/returns?retailerId=cedc0064-0c9e-445e-9649-d344d6fe094d&storeId=JOHN-S-STORE 304 - 0ms - IP: ::1
[2026-09-21T14:37:55.374Z] [GET] /api/products?retailerId=cedc0064-0c9e-445e-9649-d344d6fe094d&storeId=JOHN-S-STORE 304 - 1ms - IP: ::1
[2026-09-21T14:37:55.377Z] [GET] /api/products?retailerId=cedc0064-0c9e-445e-9649-d344d6fe094d&storeId=JOHN-S-STORE 304 - 0ms - IP: ::1
[2026-09-21T14:37:56.043Z] [GET] /api/returns?retailerId=cedc0064-0c9e-445e-9649-d344d6fe094d&storeId=JOHN-S-STORE 304 - 1ms - IP: ::1
[2026-09-21T14:37:56.044Z] [GET] /api/products?retailerId=cedc0064-0c9e-445e-9649-d344d6fe094d&storeId=JOHN-S-STORE 304 - 0ms - IP: ::1
[2026-09-21T14:37:56.049Z] [GET] /api/products?retailerId=cedc0064-0c9e-445e-9649-d344d6fe094d&storeId=JOHN-S-STORE 304 - 1ms - IP: ::1
[2026-09-21T14:37:56.050Z] [SUPPLIER-ROUTER-MIDDLEWARE] [GET] /api/suppliers | Client: Mozilla/5.0 (Windows NT 10.0; Win64; x64) AppleWebKit/537.36 (KHTML, like Gecko) Chrome/153.0.0.0 Safari/537.36
[2026-09-21T14:37:56.051Z] [GET] /api/suppliers 304 - 1ms - IP: ::1
[2026-09-21T14:37:56.053Z] [GET] /api/products?retailerId=cedc0064-0c9e-445e-9649-d344d6fe094d&storeId=JOHN-S-STORE 304 - 0ms - IP: ::1
[2026-09-21T14:37:56.060Z] [GET] /api/stores?retailerId=cedc0064-0c9e-445e-9649-d344d6fe094d&storeId=JOHN-S-STORE 304 - 0ms - IP: ::1
[2026-09-21T14:37:56.065Z] [SUPPLIER-ROUTER-MIDDLEWARE] [GET] /api/suppliers | Client: Mozilla/5.0 (Windows NT 10.0; Win64; x64) AppleWebKit/537.36 (KHTML, like Gecko) Chrome/153.0.0.0 Safari/537.36
[2026-09-21T14:37:56.066Z] [GET] /api/suppliers 304 - 1ms - IP: ::1
[2026-09-21T14:37:56.075Z] [GET] /api/stores?retailerId=cedc0064-0c9e-445e-9649-d344d6fe094d&storeId=JOHN-S-STORE 304 - 1ms - IP: ::1
[2026-09-21T14:37:56.471Z] [GET] /api/products?retailerId=cedc0064-0c9e-445e-9649-d344d6fe094d&storeId=JOHN-S-STORE 304 - 0ms - IP: ::1
[2026-09-21T14:37:56.476Z] [GET] /api/returns?retailerId=cedc0064-0c9e-445e-9649-d344d6fe094d&storeId=JOHN-S-STORE 304 - 0ms - IP: ::1
[2026-09-21T14:37:56.478Z] [GET] /api/products?retailerId=cedc0064-0c9e-445e-9649-d344d6fe094d&storeId=JOHN-S-STORE 304 - 1ms - IP: ::1
[2026-09-21T14:37:56.483Z] [GET] /api/products?retailerId=cedc0064-0c9e-445e-9649-d344d6fe094d&storeId=JOHN-S-STORE 304 - 1ms - IP: ::1
[2026-09-21T14:38:01.739Z] [GET] /api/products?retailerId=cedc0064-0c9e-445e-9649-d344d6fe094d&storeId=JOHN-S-STORE 304 - 1ms - IP: ::1
[2026-09-21T14:38:01.740Z] [GET] /api/stock-adjustments?retailerId=cedc0064-0c9e-445e-9649-d344d6fe094d&storeId=JOHN-S-STORE 304 - 0ms - IP: ::1
[2026-09-21T14:38:01.741Z] [GET] /api/returns?retailerId=cedc0064-0c9e-445e-9649-d344d6fe094d&storeId=JOHN-S-STORE 304 - 0ms - IP: ::1
[2026-09-21T14:38:01.745Z] [GET] /api/products?retailerId=cedc0064-0c9e-445e-9649-d344d6fe094d&storeId=JOHN-S-STORE 304 - 1ms - IP: ::1
[2026-09-21T14:38:01.747Z] [GET] /api/stock-adjustments?retailerId=cedc0064-0c9e-445e-9649-d344d6fe094d&storeId=JOHN-S-STORE 304 - 1ms - IP: ::1
[2026-09-21T14:38:01.750Z] [GET] /api/products?retailerId=cedc0064-0c9e-445e-9649-d344d6fe094d&storeId=JOHN-S-STORE 304 - 1ms - IP: ::1
[2026-09-21T14:38:02.423Z] [GET] /api/customers?retailerId=cedc0064-0c9e-445e-9649-d344d6fe094d&storeId=JOHN-S-STORE 304 - 0ms - IP: ::1
[2026-09-21T14:38:02.424Z] [GET] /api/returns?retailerId=cedc0064-0c9e-445e-9649-d344d6fe094d&storeId=JOHN-S-STORE 304 - 0ms - IP: ::1
[2026-09-21T14:38:02.425Z] [GET] /api/products?retailerId=cedc0064-0c9e-445e-9649-d344d6fe094d&storeId=JOHN-S-STORE 304 - 0ms - IP: ::1
[2026-09-21T14:38:02.426Z] [GET] /api/customers?retailerId=cedc0064-0c9e-445e-9649-d344d6fe094d&storeId=JOHN-S-STORE 304 - 0ms - IP: ::1
[2026-09-21T14:38:03.588Z] [AUDIT] Action invoked on route: [GET] /api/billers?retailerId=cedc0064-0c9e-445e-9649-d344d6fe094d&storeId=JOHN-S-STORE
[2026-09-21T14:38:03.589Z] [GET] /api/billers?retailerId=cedc0064-0c9e-445e-9649-d344d6fe094d&storeId=JOHN-S-STORE 304 - 1ms - IP: ::1
[2026-09-21T14:38:03.591Z] [GET] /api/returns?retailerId=cedc0064-0c9e-445e-9649-d344d6fe094d&storeId=JOHN-S-STORE 304 - 1ms - IP: ::1
[2026-09-21T14:38:03.592Z] [GET] /api/products?retailerId=cedc0064-0c9e-445e-9649-d344d6fe094d&storeId=JOHN-S-STORE 304 - 1ms - IP: ::1
[2026-09-21T14:38:03.592Z] [AUDIT] Action invoked on route: [GET] /api/billers?retailerId=cedc0064-0c9e-445e-9649-d344d6fe094d&storeId=JOHN-S-STORE
[2026-09-21T14:38:03.593Z] [GET] /api/billers?retailerId=cedc0064-0c9e-445e-9649-d344d6fe094d&storeId=JOHN-S-STORE 304 - 1ms - IP: ::1
[2026-09-21T14:38:04.252Z] [SUPPLIER-ROUTER-MIDDLEWARE] [GET] /api/suppliers | Client: Mozilla/5.0 (Windows NT 10.0; Win64; x64) AppleWebKit/537.36 (KHTML, like Gecko) Chrome/153.0.0.0 Safari/537.36
[2026-09-21T14:38:04.252Z] [GET] /api/suppliers 304 - 0ms - IP: ::1
[2026-09-21T14:38:04.253Z] [GET] /api/returns?retailerId=cedc0064-0c9e-445e-9649-d344d6fe094d&storeId=JOHN-S-STORE 304 - 0ms - IP: ::1
[2026-09-21T14:38:04.255Z] [GET] /api/products?retailerId=cedc0064-0c9e-445e-9649-d344d6fe094d&storeId=JOHN-S-STORE 304 - 1ms - IP: ::1
[2026-09-21T14:38:04.256Z] [SUPPLIER-ROUTER-MIDDLEWARE] [GET] /api/suppliers | Client: Mozilla/5.0 (Windows NT 10.0; Win64; x64) AppleWebKit/537.36 (KHTML, like Gecko) Chrome/153.0.0.0 Safari/537.36
[2026-09-21T14:38:04.257Z] [GET] /api/suppliers 304 - 1ms - IP: ::1
[2026-09-21T14:38:05.016Z] [AUDIT] Action invoked on route: [GET] /api/billers?retailerId=cedc0064-0c9e-445e-9649-d344d6fe094d&storeId=JOHN-S-STORE
[2026-09-21T14:38:05.016Z] [GET] /api/billers?retailerId=cedc0064-0c9e-445e-9649-d344d6fe094d&storeId=JOHN-S-STORE 304 - 0ms - IP: ::1
[2026-09-21T14:38:05.018Z] [GET] /api/returns?retailerId=cedc0064-0c9e-445e-9649-d344d6fe094d&storeId=JOHN-S-STORE 304 - 1ms - IP: ::1
[2026-09-21T14:38:05.019Z] [GET] /api/products?retailerId=cedc0064-0c9e-445e-9649-d344d6fe094d&storeId=JOHN-S-STORE 304 - 1ms - IP: ::1
[2026-09-21T14:38:05.020Z] [AUDIT] Action invoked on route: [GET] /api/billers?retailerId=cedc0064-0c9e-445e-9649-d344d6fe094d&storeId=JOHN-S-STORE
[2026-09-21T14:38:05.021Z] [GET] /api/billers?retailerId=cedc0064-0c9e-445e-9649-d344d6fe094d&storeId=JOHN-S-STORE 304 - 1ms - IP: ::1
[2026-09-24T16:47:26.244Z] [GET] /api/products?retailerId=cedc0064-0c9e-445e-9649-d344d6fe094d&storeId=JOHN-S-STORE 200 - 8ms - IP: ::1
[2026-09-24T16:47:26.249Z] [GET] /api/returns?retailerId=cedc0064-0c9e-445e-9649-d344d6fe094d&storeId=JOHN-S-STORE 200 - 1ms - IP: ::1
[2026-09-24T16:47:26.253Z] [GET] /api/products?retailerId=cedc0064-0c9e-445e-9649-d344d6fe094d&storeId=JOHN-S-STORE 304 - 2ms - IP: ::1
[2026-09-24T16:47:26.257Z] [GET] /api/products?retailerId=cedc0064-0c9e-445e-9649-d344d6fe094d&storeId=JOHN-S-STORE 304 - 1ms - IP: ::1
[2026-09-24T16:47:26.264Z] [SUPPLIER-ROUTER-MIDDLEWARE] [GET] /api/suppliers | Client: Mozilla/5.0 (Windows NT 10.0; Win64; x64) AppleWebKit/537.36 (KHTML, like Gecko) Chrome/153.0.0.0 Safari/537.36
[2026-09-24T16:47:26.266Z] [GET] /api/suppliers 200 - 2ms - IP: ::1
[2026-09-24T16:47:26.270Z] [SUPPLIER-ROUTER-MIDDLEWARE] [GET] /api/suppliers | Client: Mozilla/5.0 (Windows NT 10.0; Win64; x64) AppleWebKit/537.36 (KHTML, like Gecko) Chrome/153.0.0.0 Safari/537.36
[2026-09-24T16:47:26.271Z] [GET] /api/suppliers 304 - 1ms - IP: ::1
[2026-09-24T16:47:26.275Z] [GET] /api/stores?retailerId=cedc0064-0c9e-445e-9649-d344d6fe094d&storeId=JOHN-S-STORE 200 - 1ms - IP: ::1
[2026-09-24T16:47:26.279Z] [GET] /api/stores?retailerId=cedc0064-0c9e-445e-9649-d344d6fe094d&storeId=JOHN-S-STORE 304 - 0ms - IP: ::1
[2026-09-24T16:47:28.669Z] [GET] /api/products?retailerId=cedc0064-0c9e-445e-9649-d344d6fe094d&storeId=JOHN-S-STORE 304 - 1ms - IP: ::1
[2026-09-24T16:47:28.686Z] [GET] /api/returns?retailerId=cedc0064-0c9e-445e-9649-d344d6fe094d&storeId=JOHN-S-STORE 304 - 1ms - IP: ::1
[2026-09-24T16:47:28.688Z] [GET] /api/products?retailerId=cedc0064-0c9e-445e-9649-d344d6fe094d&storeId=JOHN-S-STORE 304 - 1ms - IP: ::1
[2026-09-24T16:47:28.702Z] [GET] /api/products?retailerId=cedc0064-0c9e-445e-9649-d344d6fe094d&storeId=JOHN-S-STORE 304 - 1ms - IP: ::1
[2026-09-24T16:47:30.559Z] [GET] /api/products?retailerId=cedc0064-0c9e-445e-9649-d344d6fe094d&storeId=JOHN-S-STORE 304 - 1ms - IP: ::1
[2026-09-24T16:47:30.560Z] [GET] /api/returns?retailerId=cedc0064-0c9e-445e-9649-d344d6fe094d&storeId=JOHN-S-STORE 304 - 1ms - IP: ::1
[2026-09-24T16:47:30.563Z] [GET] /api/products?retailerId=cedc0064-0c9e-445e-9649-d344d6fe094d&storeId=JOHN-S-STORE 304 - 1ms - IP: ::1
[2026-09-24T16:47:30.566Z] [GET] /api/products?retailerId=cedc0064-0c9e-445e-9649-d344d6fe094d&storeId=JOHN-S-STORE 304 - 1ms - IP: ::1
[2026-09-24T16:47:31.733Z] [GET] /api/products?retailerId=cedc0064-0c9e-445e-9649-d344d6fe094d&storeId=JOHN-S-STORE 304 - 1ms - IP: ::1
[2026-09-24T16:47:31.734Z] [GET] /api/returns?retailerId=cedc0064-0c9e-445e-9649-d344d6fe094d&storeId=JOHN-S-STORE 304 - 1ms - IP: ::1
[2026-09-24T16:47:31.737Z] [GET] /api/products?retailerId=cedc0064-0c9e-445e-9649-d344d6fe094d&storeId=JOHN-S-STORE 304 - 1ms - IP: ::1
[2026-09-24T16:47:31.741Z] [GET] /api/products?retailerId=cedc0064-0c9e-445e-9649-d344d6fe094d&storeId=JOHN-S-STORE 304 - 1ms - IP: ::1
[2026-09-24T16:47:39.024Z] [GET] /api/products?retailerId=cedc0064-0c9e-445e-9649-d344d6fe094d&storeId=JOHN-S-STORE 304 - 1ms - IP: ::1
[2026-09-24T16:47:39.030Z] [GET] /api/returns?retailerId=cedc0064-0c9e-445e-9649-d344d6fe094d&storeId=JOHN-S-STORE 304 - 0ms - IP: ::1
[2026-09-24T16:47:39.032Z] [GET] /api/products?retailerId=cedc0064-0c9e-445e-9649-d344d6fe094d&storeId=JOHN-S-STORE 304 - 1ms - IP: ::1
[2026-09-24T16:47:39.037Z] [GET] /api/products?retailerId=cedc0064-0c9e-445e-9649-d344d6fe094d&storeId=JOHN-S-STORE 304 - 1ms - IP: ::1
[2026-09-24T16:47:39.850Z] [GET] /api/products?retailerId=cedc0064-0c9e-445e-9649-d344d6fe094d&storeId=JOHN-S-STORE 304 - 1ms - IP: ::1
[2026-09-24T16:47:39.851Z] [GET] /api/returns?retailerId=cedc0064-0c9e-445e-9649-d344d6fe094d&storeId=JOHN-S-STORE 304 - 0ms - IP: ::1
[2026-09-24T16:47:39.853Z] [GET] /api/products?retailerId=cedc0064-0c9e-445e-9649-d344d6fe094d&storeId=JOHN-S-STORE 304 - 0ms - IP: ::1
[2026-09-24T16:47:39.856Z] [GET] /api/products?retailerId=cedc0064-0c9e-445e-9649-d344d6fe094d&storeId=JOHN-S-STORE 304 - 0ms - IP: ::1
[2026-09-24T16:47:40.607Z] [GET] /api/products?retailerId=cedc0064-0c9e-445e-9649-d344d6fe094d&storeId=JOHN-S-STORE 304 - 0ms - IP: ::1
[2026-09-24T16:47:40.609Z] [GET] /api/returns?retailerId=cedc0064-0c9e-445e-9649-d344d6fe094d&storeId=JOHN-S-STORE 304 - 0ms - IP: ::1
[2026-09-24T16:47:40.612Z] [GET] /api/products?retailerId=cedc0064-0c9e-445e-9649-d344d6fe094d&storeId=JOHN-S-STORE 304 - 1ms - IP: ::1
[2026-09-24T16:47:40.615Z] [GET] /api/stores?retailerId=cedc0064-0c9e-445e-9649-d344d6fe094d&storeId=JOHN-S-STORE 304 - 0ms - IP: ::1
[2026-09-24T16:47:40.617Z] [GET] /api/products?retailerId=cedc0064-0c9e-445e-9649-d344d6fe094d&storeId=JOHN-S-STORE 304 - 1ms - IP: ::1
[2026-09-24T16:47:40.622Z] [GET] /api/stores?retailerId=cedc0064-0c9e-445e-9649-d344d6fe094d&storeId=JOHN-S-STORE 304 - 0ms - IP: ::1
[2026-09-24T16:47:41.425Z] [GET] /api/stock-adjustments?retailerId=cedc0064-0c9e-445e-9649-d344d6fe094d&storeId=JOHN-S-STORE 200 - 1ms - IP: ::1
[2026-09-24T16:47:41.426Z] [GET] /api/products?retailerId=cedc0064-0c9e-445e-9649-d344d6fe094d&storeId=JOHN-S-STORE 304 - 0ms - IP: ::1
[2026-09-24T16:47:41.428Z] [GET] /api/returns?retailerId=cedc0064-0c9e-445e-9649-d344d6fe094d&storeId=JOHN-S-STORE 304 - 1ms - IP: ::1
[2026-09-24T16:47:41.430Z] [GET] /api/stock-adjustments?retailerId=cedc0064-0c9e-445e-9649-d344d6fe094d&storeId=JOHN-S-STORE 304 - 0ms - IP: ::1
[2026-09-24T16:47:41.432Z] [GET] /api/products?retailerId=cedc0064-0c9e-445e-9649-d344d6fe094d&storeId=JOHN-S-STORE 304 - 1ms - IP: ::1
[2026-09-24T16:47:41.437Z] [GET] /api/products?retailerId=cedc0064-0c9e-445e-9649-d344d6fe094d&storeId=JOHN-S-STORE 304 - 1ms - IP: ::1
[2026-09-24T16:47:42.919Z] [GET] /api/returns?retailerId=cedc0064-0c9e-445e-9649-d344d6fe094d&storeId=JOHN-S-STORE 304 - 1ms - IP: ::1
[2026-09-24T16:47:42.918Z] [GET] /api/customers?retailerId=cedc0064-0c9e-445e-9649-d344d6fe094d&storeId=JOHN-S-STORE 200 - 1ms - IP: ::1
[2026-09-24T16:47:42.920Z] [GET] /api/products?retailerId=cedc0064-0c9e-445e-9649-d344d6fe094d&storeId=JOHN-S-STORE 304 - 1ms - IP: ::1
[2026-09-24T16:47:42.922Z] [GET] /api/customers?retailerId=cedc0064-0c9e-445e-9649-d344d6fe094d&storeId=JOHN-S-STORE 304 - 1ms - IP: ::1
[2026-09-24T16:47:43.764Z] [SUPPLIER-ROUTER-MIDDLEWARE] [GET] /api/suppliers | Client: Mozilla/5.0 (Windows NT 10.0; Win64; x64) AppleWebKit/537.36 (KHTML, like Gecko) Chrome/153.0.0.0 Safari/537.36
[2026-09-24T16:47:43.765Z] [GET] /api/suppliers 304 - 1ms - IP: ::1
[2026-09-24T16:47:43.767Z] [GET] /api/returns?retailerId=cedc0064-0c9e-445e-9649-d344d6fe094d&storeId=JOHN-S-STORE 304 - 1ms - IP: ::1
[2026-09-24T16:47:43.768Z] [GET] /api/products?retailerId=cedc0064-0c9e-445e-9649-d344d6fe094d&storeId=JOHN-S-STORE 304 - 1ms - IP: ::1
[2026-09-24T16:47:43.769Z] [SUPPLIER-ROUTER-MIDDLEWARE] [GET] /api/suppliers | Client: Mozilla/5.0 (Windows NT 10.0; Win64; x64) AppleWebKit/537.36 (KHTML, like Gecko) Chrome/153.0.0.0 Safari/537.36
[2026-09-24T16:47:43.770Z] [GET] /api/suppliers 304 - 1ms - IP: ::1
[2026-09-24T16:47:45.708Z] [GET] /api/products?retailerId=cedc0064-0c9e-445e-9649-d344d6fe094d&storeId=JOHN-S-STORE 304 - 1ms - IP: ::1
[2026-09-24T16:47:45.708Z] [GET] /api/returns?retailerId=cedc0064-0c9e-445e-9649-d344d6fe094d&storeId=JOHN-S-STORE 304 - 0ms - IP: ::1
[2026-09-24T16:47:45.712Z] [GET] /api/products?retailerId=cedc0064-0c9e-445e-9649-d344d6fe094d&storeId=JOHN-S-STORE 304 - 1ms - IP: ::1
[2026-09-24T16:47:45.715Z] [GET] /api/products?retailerId=cedc0064-0c9e-445e-9649-d344d6fe094d&storeId=JOHN-S-STORE 304 - 0ms - IP: ::1
[2026-09-24T16:47:46.393Z] [SUPPLIER-ROUTER-MIDDLEWARE] [GET] /api/suppliers | Client: Mozilla/5.0 (Windows NT 10.0; Win64; x64) AppleWebKit/537.36 (KHTML, like Gecko) Chrome/153.0.0.0 Safari/537.36
[2026-09-24T16:47:46.394Z] [GET] /api/suppliers 304 - 1ms - IP: ::1
[2026-09-24T16:47:46.395Z] [GET] /api/purchase-orders?retailerId=cedc0064-0c9e-445e-9649-d344d6fe094d&storeId=JOHN-S-STORE 200 - 1ms - IP: ::1
[2026-09-24T16:47:46.395Z] [GET] /api/returns?retailerId=cedc0064-0c9e-445e-9649-d344d6fe094d&storeId=JOHN-S-STORE 304 - 0ms - IP: ::1
[2026-09-24T16:47:46.396Z] [GET] /api/products?retailerId=cedc0064-0c9e-445e-9649-d344d6fe094d&storeId=JOHN-S-STORE 304 - 1ms - IP: ::1
[2026-09-24T16:47:46.398Z] [SUPPLIER-ROUTER-MIDDLEWARE] [GET] /api/suppliers | Client: Mozilla/5.0 (Windows NT 10.0; Win64; x64) AppleWebKit/537.36 (KHTML, like Gecko) Chrome/153.0.0.0 Safari/537.36
[2026-09-24T16:47:46.399Z] [GET] /api/suppliers 304 - 1ms - IP: ::1
[2026-09-24T16:47:46.400Z] [GET] /api/purchase-orders?retailerId=cedc0064-0c9e-445e-9649-d344d6fe094d&storeId=JOHN-S-STORE 304 - 1ms - IP: ::1
[2026-09-24T16:47:47.747Z] [GET] /api/products?retailerId=cedc0064-0c9e-445e-9649-d344d6fe094d&storeId=JOHN-S-STORE 304 - 1ms - IP: ::1
[2026-09-24T16:47:47.747Z] [GET] /api/returns?retailerId=cedc0064-0c9e-445e-9649-d344d6fe094d&storeId=JOHN-S-STORE 304 - 0ms - IP: ::1
[2026-09-24T16:47:48.750Z] [GET] /api/returns?retailerId=cedc0064-0c9e-445e-9649-d344d6fe094d&storeId=JOHN-S-STORE 304 - 0ms - IP: ::1
[2026-09-24T16:47:48.751Z] [GET] /api/products?retailerId=cedc0064-0c9e-445e-9649-d344d6fe094d&storeId=JOHN-S-STORE 304 - 0ms - IP: ::1
[2026-09-24T16:47:48.754Z] [GET] /api/returns?retailerId=cedc0064-0c9e-445e-9649-d344d6fe094d&storeId=JOHN-S-STORE 304 - 1ms - IP: ::1
[2026-09-24T16:47:48.758Z] [GET] /api/returns?retailerId=cedc0064-0c9e-445e-9649-d344d6fe094d&storeId=JOHN-S-STORE 304 - 1ms - IP: ::1
[2026-09-24T16:48:06.781Z] [GET] /api/products?storeId=Downtown%20Store 200 - 1ms - IP: ::1
[2026-09-24T16:48:06.782Z] [GET] /api/stores 200 - 1ms - IP: ::1
[2026-09-24T16:48:06.783Z] [GET] /api/products?storeId=Downtown%20Store 304 - 1ms - IP: ::1
[2026-09-24T16:48:06.784Z] [GET] /api/stores 304 - 1ms - IP: ::1
[2026-09-24T16:48:13.176Z] [GET] /api/products?retailerId=cedc0064-0c9e-445e-9649-d344d6fe094d&storeId=JOHN-S-STORE 304 - 1ms - IP: ::1
[2026-09-24T16:48:13.177Z] [GET] /api/customers?retailerId=cedc0064-0c9e-445e-9649-d344d6fe094d&storeId=JOHN-S-STORE 304 - 1ms - IP: ::1
[2026-09-24T16:48:13.178Z] [AUDIT] Action invoked on route: [GET] /api/transactions?retailerId=cedc0064-0c9e-445e-9649-d344d6fe094d&storeId=JOHN-S-STORE
[2026-09-24T16:48:13.179Z] [GET] /api/purchase-orders?retailerId=cedc0064-0c9e-445e-9649-d344d6fe094d&storeId=JOHN-S-STORE 304 - 0ms - IP: ::1
[2026-09-24T16:48:13.179Z] [GET] /api/transactions?retailerId=cedc0064-0c9e-445e-9649-d344d6fe094d&storeId=JOHN-S-STORE 200 - 2ms - IP: ::1
[2026-09-24T16:48:13.180Z] [GET] /api/returns?retailerId=cedc0064-0c9e-445e-9649-d344d6fe094d&storeId=JOHN-S-STORE 304 - 0ms - IP: ::1
[2026-09-24T16:48:13.181Z] [SUPPLIER-ROUTER-MIDDLEWARE] [GET] /api/suppliers | Client: Mozilla/5.0 (Windows NT 10.0; Win64; x64) AppleWebKit/537.36 (KHTML, like Gecko) Chrome/153.0.0.0 Safari/537.36
[2026-09-24T16:48:13.181Z] [GET] /api/suppliers 304 - 0ms - IP: ::1
[2026-09-24T16:48:13.184Z] [GET] /api/platform-revenue/subscriptions/active?userId=cedc0064-0c9e-445e-9649-d344d6fe094d 404 - 2ms - IP: ::1
[2026-09-24T16:48:13.227Z] [GET] /api/returns?retailerId=cedc0064-0c9e-445e-9649-d344d6fe094d&storeId=JOHN-S-STORE 304 - 0ms - IP: ::1
[2026-09-24T16:48:13.231Z] [GET] /api/customers?retailerId=cedc0064-0c9e-445e-9649-d344d6fe094d&storeId=JOHN-S-STORE 304 - 0ms - IP: ::1
[2026-09-24T16:48:13.233Z] [GET] /api/products?retailerId=cedc0064-0c9e-445e-9649-d344d6fe094d&storeId=JOHN-S-STORE 304 - 1ms - IP: ::1
[2026-09-24T16:48:13.234Z] [AUDIT] Action invoked on route: [GET] /api/transactions?retailerId=cedc0064-0c9e-445e-9649-d344d6fe094d&storeId=JOHN-S-STORE
[2026-09-24T16:48:13.235Z] [GET] /api/transactions?retailerId=cedc0064-0c9e-445e-9649-d344d6fe094d&storeId=JOHN-S-STORE 304 - 1ms - IP: ::1
[2026-09-24T16:48:13.236Z] [GET] /api/purchase-orders?retailerId=cedc0064-0c9e-445e-9649-d344d6fe094d&storeId=JOHN-S-STORE 304 - 1ms - IP: ::1
[2026-09-24T16:48:13.236Z] [SUPPLIER-ROUTER-MIDDLEWARE] [GET] /api/suppliers | Client: Mozilla/5.0 (Windows NT 10.0; Win64; x64) AppleWebKit/537.36 (KHTML, like Gecko) Chrome/153.0.0.0 Safari/537.36
[2026-09-24T16:48:13.237Z] [GET] /api/suppliers 304 - 1ms - IP: ::1
[2026-09-24T16:48:13.240Z] [GET] /api/platform-revenue/subscriptions/active?userId=cedc0064-0c9e-445e-9649-d344d6fe094d 404 - 2ms - IP: ::1
[2026-09-24T16:48:13.242Z] [GET] /api/returns?retailerId=cedc0064-0c9e-445e-9649-d344d6fe094d&storeId=JOHN-S-STORE 304 - 1ms - IP: ::1
[2026-09-24T16:48:13.243Z] [GET] /api/products?retailerId=cedc0064-0c9e-445e-9649-d344d6fe094d&storeId=JOHN-S-STORE 304 - 0ms - IP: ::1
[2026-09-24T16:48:13.246Z] [GET] /api/returns?retailerId=cedc0064-0c9e-445e-9649-d344d6fe094d&storeId=JOHN-S-STORE 304 - 1ms - IP: ::1
[2026-09-24T16:48:13.248Z] [GET] /api/products?retailerId=cedc0064-0c9e-445e-9649-d344d6fe094d&storeId=JOHN-S-STORE 304 - 1ms - IP: ::1
[2026-09-24T16:50:30.789Z] [GET] /api/products?retailerId=cedc0064-0c9e-445e-9649-d344d6fe094d&storeId=JOHN-S-STORE 304 - 1ms - IP: ::1
[2026-09-24T16:50:30.790Z] [GET] /api/customers?retailerId=cedc0064-0c9e-445e-9649-d344d6fe094d&storeId=JOHN-S-STORE 304 - 1ms - IP: ::1
[2026-09-24T16:50:30.791Z] [AUDIT] Action invoked on route: [GET] /api/transactions?retailerId=cedc0064-0c9e-445e-9649-d344d6fe094d&storeId=JOHN-S-STORE
[2026-09-24T16:50:30.792Z] [GET] /api/transactions?retailerId=cedc0064-0c9e-445e-9649-d344d6fe094d&storeId=JOHN-S-STORE 304 - 1ms - IP: ::1
[2026-09-24T16:50:30.794Z] [GET] /api/purchase-orders?retailerId=cedc0064-0c9e-445e-9649-d344d6fe094d&storeId=JOHN-S-STORE 304 - 1ms - IP: ::1
[2026-09-24T16:50:30.796Z] [GET] /api/suppliers 304 - 0ms - IP: ::1
[2026-09-24T16:50:30.796Z] [SUPPLIER-ROUTER-MIDDLEWARE] [GET] /api/suppliers | Client: Mozilla/5.0 (Windows NT 10.0; Win64; x64) AppleWebKit/537.36 (KHTML, like Gecko) Chrome/153.0.0.0 Safari/537.36
[2026-09-24T16:50:30.795Z] [GET] /api/returns?retailerId=cedc0064-0c9e-445e-9649-d344d6fe094d&storeId=JOHN-S-STORE 304 - 1ms - IP: ::1
[2026-09-24T16:50:30.799Z] [GET] /api/platform-revenue/subscriptions/active?userId=cedc0064-0c9e-445e-9649-d344d6fe094d 404 - 1ms - IP: ::1
[2026-09-24T16:50:30.837Z] [GET] /api/returns?retailerId=cedc0064-0c9e-445e-9649-d344d6fe094d&storeId=JOHN-S-STORE 304 - 1ms - IP: ::1
[2026-09-24T16:50:30.841Z] [GET] /api/products?retailerId=cedc0064-0c9e-445e-9649-d344d6fe094d&storeId=JOHN-S-STORE 304 - 1ms - IP: ::1
[2026-09-24T16:50:30.843Z] [GET] /api/customers?retailerId=cedc0064-0c9e-445e-9649-d344d6fe094d&storeId=JOHN-S-STORE 304 - 1ms - IP: ::1
[2026-09-24T16:50:30.845Z] [AUDIT] Action invoked on route: [GET] /api/transactions?retailerId=cedc0064-0c9e-445e-9649-d344d6fe094d&storeId=JOHN-S-STORE
[2026-09-24T16:50:30.847Z] [GET] /api/purchase-orders?retailerId=cedc0064-0c9e-445e-9649-d344d6fe094d&storeId=JOHN-S-STORE 304 - 1ms - IP: ::1
[2026-09-24T16:50:30.847Z] [SUPPLIER-ROUTER-MIDDLEWARE] [GET] /api/suppliers | Client: Mozilla/5.0 (Windows NT 10.0; Win64; x64) AppleWebKit/537.36 (KHTML, like Gecko) Chrome/153.0.0.0 Safari/537.36
[2026-09-24T16:50:30.847Z] [GET] /api/suppliers 304 - 0ms - IP: ::1
[2026-09-24T16:50:30.846Z] [GET] /api/transactions?retailerId=cedc0064-0c9e-445e-9649-d344d6fe094d&storeId=JOHN-S-STORE 304 - 1ms - IP: ::1
[2026-09-24T16:50:30.850Z] [GET] /api/platform-revenue/subscriptions/active?userId=cedc0064-0c9e-445e-9649-d344d6fe094d 404 - 1ms - IP: ::1
[2026-09-24T16:50:30.851Z] [GET] /api/returns?retailerId=cedc0064-0c9e-445e-9649-d344d6fe094d&storeId=JOHN-S-STORE 304 - 0ms - IP: ::1
[2026-09-24T16:50:30.853Z] [GET] /api/products?retailerId=cedc0064-0c9e-445e-9649-d344d6fe094d&storeId=JOHN-S-STORE 304 - 1ms - IP: ::1
[2026-09-24T16:50:30.855Z] [GET] /api/returns?retailerId=cedc0064-0c9e-445e-9649-d344d6fe094d&storeId=JOHN-S-STORE 304 - 0ms - IP: ::1
[2026-09-24T16:50:30.858Z] [GET] /api/products?retailerId=cedc0064-0c9e-445e-9649-d344d6fe094d&storeId=JOHN-S-STORE 304 - 1ms - IP: ::1
[2026-09-24T18:18:06.266Z] [POST] /api/users/login 201 - 21ms - IP: ::1
[2026-09-24T18:18:06.537Z] [SUPPLIER-ROUTER-MIDDLEWARE] [GET] /api/suppliers/0ccceb67-958d-4957-9728-e023994a8e8d | Client: Mozilla/5.0 (Windows NT 10.0; Win64; x64) AppleWebKit/537.36 (KHTML, like Gecko) Chrome/153.0.0.0 Safari/537.36
[2026-09-24T18:18:06.545Z] [GET] /api/suppliers/0ccceb67-958d-4957-9728-e023994a8e8d 200 - 9ms - IP: ::1
[2026-09-24T18:18:06.645Z] [GET] /api/retailers 200 - 2ms - IP: ::1
[2026-09-24T18:18:06.658Z] [GET] /api/purchase-orders 200 - 5ms - IP: ::1
[2026-09-24T18:18:06.690Z] [SUPPLIER-ROUTER-MIDDLEWARE] [GET] /api/suppliers/0ccceb67-958d-4957-9728-e023994a8e8d/documents | Client: Mozilla/5.0 (Windows NT 10.0; Win64; x64) AppleWebKit/537.36 (KHTML, like Gecko) Chrome/153.0.0.0 Safari/537.36
[2026-09-24T18:18:06.694Z] [GET] /api/suppliers/0ccceb67-958d-4957-9728-e023994a8e8d/documents 200 - 4ms - IP: ::1
[2026-09-24T18:18:31.907Z] [SUPPLIER-ROUTER-MIDDLEWARE] [GET] /api/suppliers/0ccceb67-958d-4957-9728-e023994a8e8d/documents | Client: Mozilla/5.0 (Windows NT 10.0; Win64; x64) AppleWebKit/537.36 (KHTML, like Gecko) Chrome/153.0.0.0 Safari/537.36
[2026-09-24T18:18:31.910Z] [GET] /api/suppliers/0ccceb67-958d-4957-9728-e023994a8e8d/documents 304 - 3ms - IP: ::1
[2026-09-24T18:40:38.197Z] [SUPPLIER-ROUTER-MIDDLEWARE] [GET] /api/suppliers/0ccceb67-958d-4957-9728-e023994a8e8d/documents | Client: Mozilla/5.0 (Windows NT 10.0; Win64; x64) AppleWebKit/537.36 (KHTML, like Gecko) Chrome/153.0.0.0 Safari/537.36
[2026-09-24T18:40:38.200Z] [GET] /api/suppliers/0ccceb67-958d-4957-9728-e023994a8e8d/documents 304 - 3ms - IP: ::1
[2026-09-24T18:40:38.201Z] [SUPPLIER-ROUTER-MIDDLEWARE] [GET] /api/suppliers/0ccceb67-958d-4957-9728-e023994a8e8d | Client: Mozilla/5.0 (Windows NT 10.0; Win64; x64) AppleWebKit/537.36 (KHTML, like Gecko) Chrome/153.0.0.0 Safari/537.36
[2026-09-24T18:40:38.203Z] [GET] /api/suppliers/0ccceb67-958d-4957-9728-e023994a8e8d 304 - 2ms - IP: ::1
[2026-09-24T18:40:38.275Z] [GET] /api/retailers 304 - 1ms - IP: ::1
[2026-09-24T18:40:38.282Z] [GET] /api/purchase-orders 304 - 1ms - IP: ::1
[2026-09-24T18:40:38.365Z] [SUPPLIER-ROUTER-MIDDLEWARE] [GET] /api/suppliers/0ccceb67-958d-4957-9728-e023994a8e8d/documents | Client: Mozilla/5.0 (Windows NT 10.0; Win64; x64) AppleWebKit/537.36 (KHTML, like Gecko) Chrome/153.0.0.0 Safari/537.36
[2026-09-24T18:40:38.366Z] [GET] /api/suppliers/0ccceb67-958d-4957-9728-e023994a8e8d/documents 304 - 1ms - IP: ::1
[2026-09-24T18:41:19.329Z] [SUPPLIER-ROUTER-MIDDLEWARE] [GET] /api/suppliers/0ccceb67-958d-4957-9728-e023994a8e8d/documents | Client: Mozilla/5.0 (Windows NT 10.0; Win64; x64) AppleWebKit/537.36 (KHTML, like Gecko) Chrome/153.0.0.0 Safari/537.36
[2026-09-24T18:41:19.331Z] [GET] /api/suppliers/0ccceb67-958d-4957-9728-e023994a8e8d/documents 304 - 2ms - IP: ::1
[2026-09-24T18:42:19.493Z] [GET] /api/users/0ccceb67-958d-4957-9728-e023994a8e8d 200 - 9ms - IP: ::1
[2026-09-24T18:50:05.767Z] [SUPPLIER-ROUTER-MIDDLEWARE] [GET] /api/suppliers/sup-1789751490622 | Client: Mozilla/5.0 (Windows NT 10.0; Win64; x64) AppleWebKit/537.36 (KHTML, like Gecko) Chrome/153.0.0.0 Safari/537.36
[2026-09-24T18:50:05.776Z] [GET] /api/suppliers/sup-1789751490622 404 - 9ms - IP: ::1
[2026-09-24T18:50:05.778Z] [SUPPLIER-ROUTER-MIDDLEWARE] [GET] /api/suppliers/sup-1789751490622 | Client: Mozilla/5.0 (Windows NT 10.0; Win64; x64) AppleWebKit/537.36 (KHTML, like Gecko) Chrome/153.0.0.0 Safari/537.36
[2026-09-24T18:50:05.783Z] [GET] /api/suppliers/sup-1789751490622 404 - 5ms - IP: ::1
[2026-09-24T18:50:05.785Z] [SUPPLIER-ROUTER-MIDDLEWARE] [GET] /api/suppliers/sup-1789751490622/documents | Client: Mozilla/5.0 (Windows NT 10.0; Win64; x64) AppleWebKit/537.36 (KHTML, like Gecko) Chrome/153.0.0.0 Safari/537.36
[2026-09-24T18:50:05.794Z] [GET] /api/suppliers/sup-1789751490622/documents 404 - 9ms - IP: ::1
[2026-09-24T18:50:05.802Z] [GET] /api/purchase-orders 304 - 3ms - IP: ::1
[2026-09-24T18:50:05.807Z] [SUPPLIER-ROUTER-MIDDLEWARE] [GET] /api/suppliers/sup-1789751490622/documents | Client: Mozilla/5.0 (Windows NT 10.0; Win64; x64) AppleWebKit/537.36 (KHTML, like Gecko) Chrome/153.0.0.0 Safari/537.36
[2026-09-24T18:50:05.814Z] [GET] /api/suppliers/sup-1789751490622/documents 404 - 7ms - IP: ::1
[2026-09-24T18:50:05.820Z] [GET] /api/purchase-orders 304 - 1ms - IP: ::1
[2026-09-24T18:50:27.905Z] [SUPPLIER-ROUTER-MIDDLEWARE] [GET] /api/suppliers/sup-1789751490622 | Client: Mozilla/5.0 (Windows NT 10.0; Win64; x64) AppleWebKit/537.36 (KHTML, like Gecko) Chrome/153.0.0.0 Safari/537.36
[2026-09-24T18:50:27.909Z] [GET] /api/suppliers/sup-1789751490622 404 - 4ms - IP: ::1
[2026-09-24T18:50:27.911Z] [GET] /api/purchase-orders 304 - 1ms - IP: ::1
[2026-09-24T18:50:27.914Z] [SUPPLIER-ROUTER-MIDDLEWARE] [GET] /api/suppliers/sup-1789751490622 | Client: Mozilla/5.0 (Windows NT 10.0; Win64; x64) AppleWebKit/537.36 (KHTML, like Gecko) Chrome/153.0.0.0 Safari/537.36
[2026-09-24T18:50:27.919Z] [GET] /api/suppliers/sup-1789751490622 404 - 5ms - IP: ::1
[2026-09-24T18:50:27.923Z] [SUPPLIER-ROUTER-MIDDLEWARE] [GET] /api/suppliers/sup-1789751490622/documents | Client: Mozilla/5.0 (Windows NT 10.0; Win64; x64) AppleWebKit/537.36 (KHTML, like Gecko) Chrome/153.0.0.0 Safari/537.36
[2026-09-24T18:50:27.928Z] [GET] /api/suppliers/sup-1789751490622/documents 404 - 5ms - IP: ::1
[2026-09-24T18:50:27.932Z] [GET] /api/purchase-orders 304 - 1ms - IP: ::1
[2026-09-24T18:50:27.934Z] [SUPPLIER-ROUTER-MIDDLEWARE] [GET] /api/suppliers/sup-1789751490622/documents | Client: Mozilla/5.0 (Windows NT 10.0; Win64; x64) AppleWebKit/537.36 (KHTML, like Gecko) Chrome/153.0.0.0 Safari/537.36
[2026-09-24T18:50:27.938Z] [GET] /api/suppliers/sup-1789751490622/documents 404 - 4ms - IP: ::1
[2026-09-24T18:56:37.432Z] [SUPPLIER-ROUTER-MIDDLEWARE] [GET] /api/suppliers/0ccceb67-958d-4957-9728-e023994a8e8d | Client: Mozilla/5.0 (Windows NT 10.0; Win64; x64) AppleWebKit/537.36 (KHTML, like Gecko) Chrome/153.0.0.0 Safari/537.36
[2026-09-24T18:56:37.434Z] [GET] /api/suppliers/0ccceb67-958d-4957-9728-e023994a8e8d 304 - 2ms - IP: ::1
[2026-09-24T18:56:37.981Z] [GET] /api/retailers 304 - 1ms - IP: ::1
[2026-09-24T18:56:38.029Z] [GET] /api/purchase-orders 304 - 1ms - IP: ::1
[2026-09-24T18:56:38.102Z] [SUPPLIER-ROUTER-MIDDLEWARE] [GET] /api/suppliers/0ccceb67-958d-4957-9728-e023994a8e8d/documents | Client: Mozilla/5.0 (Windows NT 10.0; Win64; x64) AppleWebKit/537.36 (KHTML, like Gecko) Chrome/153.0.0.0 Safari/537.36
[2026-09-24T18:56:38.103Z] [GET] /api/suppliers/0ccceb67-958d-4957-9728-e023994a8e8d/documents 304 - 1ms - IP: ::1
[2026-09-24T18:56:57.530Z] [SUPPLIER-ROUTER-MIDDLEWARE] [GET] /api/suppliers/sup-1789751490622 | Client: Mozilla/5.0 (Windows NT 10.0; Win64; x64) AppleWebKit/537.36 (KHTML, like Gecko) Chrome/153.0.0.0 Safari/537.36
[2026-09-24T18:56:57.532Z] [GET] /api/suppliers/sup-1789751490622 404 - 3ms - IP: ::1
[2026-09-24T18:56:57.533Z] [GET] /api/purchase-orders 304 - 1ms - IP: ::1
[2026-09-24T18:56:57.533Z] [SUPPLIER-ROUTER-MIDDLEWARE] [GET] /api/suppliers/sup-1789751490622/documents | Client: Mozilla/5.0 (Windows NT 10.0; Win64; x64) AppleWebKit/537.36 (KHTML, like Gecko) Chrome/153.0.0.0 Safari/537.36
[2026-09-24T18:56:57.534Z] [GET] /api/suppliers/sup-1789751490622/documents 404 - 1ms - IP: ::1
[2026-09-24T18:56:57.539Z] [GET] /api/purchase-orders 304 - 1ms - IP: ::1
[2026-09-24T18:56:57.536Z] [SUPPLIER-ROUTER-MIDDLEWARE] [GET] /api/suppliers/sup-1789751490622 | Client: Mozilla/5.0 (Windows NT 10.0; Win64; x64) AppleWebKit/537.36 (KHTML, like Gecko) Chrome/153.0.0.0 Safari/537.36
[2026-09-24T18:56:57.537Z] [GET] /api/suppliers/sup-1789751490622 404 - 1ms - IP: ::1
[2026-09-24T18:56:57.540Z] [SUPPLIER-ROUTER-MIDDLEWARE] [GET] /api/suppliers/sup-1789751490622/documents | Client: Mozilla/5.0 (Windows NT 10.0; Win64; x64) AppleWebKit/537.36 (KHTML, like Gecko) Chrome/153.0.0.0 Safari/537.36
[2026-09-24T18:56:57.542Z] [GET] /api/suppliers/sup-1789751490622/documents 404 - 2ms - IP: ::1
[2026-09-24T18:58:06.339Z] [SUPPLIER-ROUTER-MIDDLEWARE] [GET] /api/suppliers/sup-1789751490622 | Client: Mozilla/5.0 (Windows NT 10.0; Win64; x64) AppleWebKit/537.36 (KHTML, like Gecko) Chrome/153.0.0.0 Safari/537.36
[2026-09-24T18:58:06.341Z] [GET] /api/suppliers/sup-1789751490622 404 - 2ms - IP: ::1
[2026-09-24T18:58:06.342Z] [GET] /api/purchase-orders 304 - 0ms - IP: ::1
[2026-09-24T18:58:06.343Z] [SUPPLIER-ROUTER-MIDDLEWARE] [GET] /api/suppliers/sup-1789751490622/documents | Client: Mozilla/5.0 (Windows NT 10.0; Win64; x64) AppleWebKit/537.36 (KHTML, like Gecko) Chrome/153.0.0.0 Safari/537.36
[2026-09-24T18:58:06.344Z] [GET] /api/suppliers/sup-1789751490622/documents 404 - 1ms - IP: ::1
[2026-09-24T18:58:06.345Z] [SUPPLIER-ROUTER-MIDDLEWARE] [GET] /api/suppliers/sup-1789751490622 | Client: Mozilla/5.0 (Windows NT 10.0; Win64; x64) AppleWebKit/537.36 (KHTML, like Gecko) Chrome/153.0.0.0 Safari/537.36
[2026-09-24T18:58:06.346Z] [GET] /api/suppliers/sup-1789751490622 404 - 1ms - IP: ::1
[2026-09-24T18:58:06.350Z] [GET] /api/purchase-orders 304 - 1ms - IP: ::1
[2026-09-24T18:58:06.358Z] [SUPPLIER-ROUTER-MIDDLEWARE] [GET] /api/suppliers/sup-1789751490622/documents | Client: Mozilla/5.0 (Windows NT 10.0; Win64; x64) AppleWebKit/537.36 (KHTML, like Gecko) Chrome/153.0.0.0 Safari/537.36
[2026-09-24T18:58:06.360Z] [GET] /api/suppliers/sup-1789751490622/documents 404 - 2ms - IP: ::1
[2026-09-24T18:58:58.951Z] [SUPPLIER-ROUTER-MIDDLEWARE] [GET] /api/suppliers/sup-1789751490622 | Client: Mozilla/5.0 (Windows NT 10.0; Win64; x64) AppleWebKit/537.36 (KHTML, like Gecko) Chrome/153.0.0.0 Safari/537.36
[2026-09-24T18:58:58.954Z] [GET] /api/suppliers/sup-1789751490622 404 - 3ms - IP: ::1
[2026-09-24T18:58:58.959Z] [GET] /api/purchase-orders 304 - 1ms - IP: ::1
[2026-09-24T18:58:58.960Z] [SUPPLIER-ROUTER-MIDDLEWARE] [GET] /api/suppliers/sup-1789751490622/documents | Client: Mozilla/5.0 (Windows NT 10.0; Win64; x64) AppleWebKit/537.36 (KHTML, like Gecko) Chrome/153.0.0.0 Safari/537.36
[2026-09-24T18:58:58.962Z] [GET] /api/suppliers/sup-1789751490622/documents 404 - 2ms - IP: ::1
[2026-09-24T18:58:58.963Z] [SUPPLIER-ROUTER-MIDDLEWARE] [GET] /api/suppliers/sup-1789751490622 | Client: Mozilla/5.0 (Windows NT 10.0; Win64; x64) AppleWebKit/537.36 (KHTML, like Gecko) Chrome/153.0.0.0 Safari/537.36
[2026-09-24T18:58:58.965Z] [GET] /api/suppliers/sup-1789751490622 404 - 2ms - IP: ::1
[2026-09-24T18:58:58.966Z] [GET] /api/purchase-orders 304 - 0ms - IP: ::1
[2026-09-24T18:58:58.967Z] [SUPPLIER-ROUTER-MIDDLEWARE] [GET] /api/suppliers/sup-1789751490622/documents | Client: Mozilla/5.0 (Windows NT 10.0; Win64; x64) AppleWebKit/537.36 (KHTML, like Gecko) Chrome/153.0.0.0 Safari/537.36
[2026-09-24T18:58:58.969Z] [GET] /api/suppliers/sup-1789751490622/documents 404 - 2ms - IP: ::1
[2026-09-24T18:59:33.107Z] [SUPPLIER-ROUTER-MIDDLEWARE] [GET] /api/suppliers/sup-1789751490622 | Client: Mozilla/5.0 (Windows NT 10.0; Win64; x64) AppleWebKit/537.36 (KHTML, like Gecko) Chrome/153.0.0.0 Safari/537.36
[2026-09-24T18:59:33.110Z] [GET] /api/suppliers/sup-1789751490622 404 - 3ms - IP: ::1
[2026-09-24T18:59:33.148Z] [GET] /api/purchase-orders 304 - 2ms - IP: ::1
[2026-09-24T18:59:33.239Z] [SUPPLIER-ROUTER-MIDDLEWARE] [GET] /api/suppliers/sup-1789751490622/documents | Client: Mozilla/5.0 (Windows NT 10.0; Win64; x64) AppleWebKit/537.36 (KHTML, like Gecko) Chrome/153.0.0.0 Safari/537.36
[2026-09-24T18:59:33.242Z] [GET] /api/suppliers/sup-1789751490622/documents 404 - 3ms - IP: ::1
[2026-09-24T18:59:33.602Z] [SUPPLIER-ROUTER-MIDDLEWARE] [GET] /api/suppliers/sup-1789751490622 | Client: Mozilla/5.0 (Windows NT 10.0; Win64; x64) AppleWebKit/537.36 (KHTML, like Gecko) Chrome/153.0.0.0 Safari/537.36
[2026-09-24T18:59:33.607Z] [GET] /api/suppliers/sup-1789751490622 404 - 5ms - IP: ::1
[2026-09-24T18:59:33.643Z] [GET] /api/purchase-orders 304 - 1ms - IP: ::1
[2026-09-24T18:59:34.017Z] [SUPPLIER-ROUTER-MIDDLEWARE] [GET] /api/suppliers/sup-1789751490622/documents | Client: Mozilla/5.0 (Windows NT 10.0; Win64; x64) AppleWebKit/537.36 (KHTML, like Gecko) Chrome/153.0.0.0 Safari/537.36
[2026-09-24T18:59:34.019Z] [GET] /api/suppliers/sup-1789751490622/documents 404 - 2ms - IP: ::1
[2026-09-24T18:59:49.232Z] [SUPPLIER-ROUTER-MIDDLEWARE] [GET] /api/suppliers/sup-1789751490622 | Client: Mozilla/5.0 (Windows NT 10.0; Win64; x64) AppleWebKit/537.36 (KHTML, like Gecko) Chrome/153.0.0.0 Safari/537.36
[2026-09-24T18:59:49.233Z] [GET] /api/suppliers/sup-1789751490622 404 - 1ms - IP: ::1
[2026-09-24T18:59:49.237Z] [GET] /api/purchase-orders 304 - 1ms - IP: ::1
[2026-09-24T18:59:49.237Z] [SUPPLIER-ROUTER-MIDDLEWARE] [GET] /api/suppliers/sup-1789751490622 | Client: Mozilla/5.0 (Windows NT 10.0; Win64; x64) AppleWebKit/537.36 (KHTML, like Gecko) Chrome/153.0.0.0 Safari/537.36
[2026-09-24T18:59:49.239Z] [GET] /api/suppliers/sup-1789751490622 404 - 2ms - IP: ::1
[2026-09-24T18:59:49.240Z] [SUPPLIER-ROUTER-MIDDLEWARE] [GET] /api/suppliers/sup-1789751490622/documents | Client: Mozilla/5.0 (Windows NT 10.0; Win64; x64) AppleWebKit/537.36 (KHTML, like Gecko) Chrome/153.0.0.0 Safari/537.36
[2026-09-24T18:59:49.241Z] [GET] /api/suppliers/sup-1789751490622/documents 404 - 1ms - IP: ::1
[2026-09-24T18:59:49.242Z] [GET] /api/purchase-orders 304 - 1ms - IP: ::1
[2026-09-24T18:59:49.249Z] [SUPPLIER-ROUTER-MIDDLEWARE] [GET] /api/suppliers/sup-1789751490622/documents | Client: Mozilla/5.0 (Windows NT 10.0; Win64; x64) AppleWebKit/537.36 (KHTML, like Gecko) Chrome/153.0.0.0 Safari/537.36
[2026-09-24T18:59:49.251Z] [GET] /api/suppliers/sup-1789751490622/documents 404 - 1ms - IP: ::1
[2026-09-24T19:00:21.704Z] [SUPPLIER-ROUTER-MIDDLEWARE] [GET] /api/suppliers/sup-1789751490622 | Client: Mozilla/5.0 (Windows NT 10.0; Win64; x64) AppleWebKit/537.36 (KHTML, like Gecko) Chrome/153.0.0.0 Safari/537.36
[2026-09-24T19:00:21.706Z] [GET] /api/suppliers/sup-1789751490622 404 - 2ms - IP: ::1
[2026-09-24T19:00:21.707Z] [GET] /api/purchase-orders 304 - 1ms - IP: ::1
[2026-09-24T19:00:21.711Z] [SUPPLIER-ROUTER-MIDDLEWARE] [GET] /api/suppliers/sup-1789751490622 | Client: Mozilla/5.0 (Windows NT 10.0; Win64; x64) AppleWebKit/537.36 (KHTML, like Gecko) Chrome/153.0.0.0 Safari/537.36
[2026-09-24T19:00:21.712Z] [GET] /api/suppliers/sup-1789751490622 404 - 1ms - IP: ::1
[2026-09-24T19:00:21.713Z] [SUPPLIER-ROUTER-MIDDLEWARE] [GET] /api/suppliers/sup-1789751490622/documents | Client: Mozilla/5.0 (Windows NT 10.0; Win64; x64) AppleWebKit/537.36 (KHTML, like Gecko) Chrome/153.0.0.0 Safari/537.36
[2026-09-24T19:00:21.714Z] [GET] /api/suppliers/sup-1789751490622/documents 404 - 1ms - IP: ::1
[2026-09-24T19:00:21.765Z] [GET] /api/purchase-orders 304 - 1ms - IP: ::1
[2026-09-24T19:00:21.766Z] [SUPPLIER-ROUTER-MIDDLEWARE] [GET] /api/suppliers/sup-1789751490622/documents | Client: Mozilla/5.0 (Windows NT 10.0; Win64; x64) AppleWebKit/537.36 (KHTML, like Gecko) Chrome/153.0.0.0 Safari/537.36
[2026-09-24T19:00:21.767Z] [GET] /api/suppliers/sup-1789751490622/documents 404 - 1ms - IP: ::1
[2026-09-24T19:00:33.547Z] [SUPPLIER-ROUTER-MIDDLEWARE] [GET] /api/suppliers/sup-1789751490622 | Client: Mozilla/5.0 (Windows NT 10.0; Win64; x64) AppleWebKit/537.36 (KHTML, like Gecko) Chrome/153.0.0.0 Safari/537.36
[2026-09-24T19:00:33.549Z] [GET] /api/suppliers/sup-1789751490622 404 - 2ms - IP: ::1
[2026-09-24T19:00:33.551Z] [GET] /api/purchase-orders 304 - 1ms - IP: ::1
[2026-09-24T19:00:33.593Z] [SUPPLIER-ROUTER-MIDDLEWARE] [GET] /api/suppliers/sup-1789751490622/documents | Client: Mozilla/5.0 (Windows NT 10.0; Win64; x64) AppleWebKit/537.36 (KHTML, like Gecko) Chrome/153.0.0.0 Safari/537.36
[2026-09-24T19:00:33.595Z] [GET] /api/suppliers/sup-1789751490622/documents 404 - 2ms - IP: ::1
[2026-09-24T19:00:33.615Z] [SUPPLIER-ROUTER-MIDDLEWARE] [GET] /api/suppliers/sup-1789751490622 | Client: Mozilla/5.0 (Windows NT 10.0; Win64; x64) AppleWebKit/537.36 (KHTML, like Gecko) Chrome/153.0.0.0 Safari/537.36
[2026-09-24T19:00:33.617Z] [GET] /api/suppliers/sup-1789751490622 404 - 2ms - IP: ::1
[2026-09-24T19:00:33.643Z] [GET] /api/purchase-orders 304 - 1ms - IP: ::1
[2026-09-24T19:00:33.649Z] [SUPPLIER-ROUTER-MIDDLEWARE] [GET] /api/suppliers/sup-1789751490622/documents | Client: Mozilla/5.0 (Windows NT 10.0; Win64; x64) AppleWebKit/537.36 (KHTML, like Gecko) Chrome/153.0.0.0 Safari/537.36
[2026-09-24T19:00:33.651Z] [GET] /api/suppliers/sup-1789751490622/documents 404 - 2ms - IP: ::1
[2026-09-24T19:03:12.557Z] [SUPPLIER-ROUTER-MIDDLEWARE] [GET] /api/suppliers/sup-1789751490622 | Client: Mozilla/5.0 (Windows NT 10.0; Win64; x64) AppleWebKit/537.36 (KHTML, like Gecko) Chrome/153.0.0.0 Safari/537.36
[2026-09-24T19:03:12.561Z] [GET] /api/suppliers/sup-1789751490622 404 - 4ms - IP: ::1
[2026-09-24T19:03:12.574Z] [GET] /api/purchase-orders 304 - 1ms - IP: ::1
[2026-09-24T19:03:12.586Z] [SUPPLIER-ROUTER-MIDDLEWARE] [GET] /api/suppliers/sup-1789751490622/documents | Client: Mozilla/5.0 (Windows NT 10.0; Win64; x64) AppleWebKit/537.36 (KHTML, like Gecko) Chrome/153.0.0.0 Safari/537.36
[2026-09-24T19:03:12.587Z] [GET] /api/suppliers/sup-1789751490622/documents 404 - 1ms - IP: ::1
[2026-09-24T19:03:12.589Z] [SUPPLIER-ROUTER-MIDDLEWARE] [GET] /api/suppliers/sup-1789751490622 | Client: Mozilla/5.0 (Windows NT 10.0; Win64; x64) AppleWebKit/537.36 (KHTML, like Gecko) Chrome/153.0.0.0 Safari/537.36
[2026-09-24T19:03:12.591Z] [GET] /api/suppliers/sup-1789751490622 404 - 2ms - IP: ::1
[2026-09-24T19:03:12.698Z] [GET] /api/purchase-orders 304 - 1ms - IP: ::1
[2026-09-24T19:03:12.707Z] [SUPPLIER-ROUTER-MIDDLEWARE] [GET] /api/suppliers/sup-1789751490622/documents | Client: Mozilla/5.0 (Windows NT 10.0; Win64; x64) AppleWebKit/537.36 (KHTML, like Gecko) Chrome/153.0.0.0 Safari/537.36
[2026-09-24T19:03:12.711Z] [GET] /api/suppliers/sup-1789751490622/documents 404 - 4ms - IP: ::1
[2026-09-24T19:06:37.223Z] [SUPPLIER-ROUTER-MIDDLEWARE] [GET] /api/suppliers/sup-1789751490622 | Client: Mozilla/5.0 (Windows NT 10.0; Win64; x64) AppleWebKit/537.36 (KHTML, like Gecko) Chrome/153.0.0.0 Safari/537.36
[2026-09-24T19:06:37.226Z] [GET] /api/suppliers/sup-1789751490622 404 - 3ms - IP: ::1
[2026-09-24T19:06:37.228Z] [GET] /api/purchase-orders 304 - 1ms - IP: ::1
[2026-09-24T19:06:37.280Z] [SUPPLIER-ROUTER-MIDDLEWARE] [GET] /api/suppliers/sup-1789751490622/documents | Client: Mozilla/5.0 (Windows NT 10.0; Win64; x64) AppleWebKit/537.36 (KHTML, like Gecko) Chrome/153.0.0.0 Safari/537.36
[2026-09-24T19:06:37.285Z] [GET] /api/suppliers/sup-1789751490622/documents 404 - 5ms - IP: ::1
[2026-09-24T19:06:37.368Z] [SUPPLIER-ROUTER-MIDDLEWARE] [GET] /api/suppliers/sup-1789751490622 | Client: Mozilla/5.0 (Windows NT 10.0; Win64; x64) AppleWebKit/537.36 (KHTML, like Gecko) Chrome/153.0.0.0 Safari/537.36
[2026-09-24T19:06:37.369Z] [GET] /api/suppliers/sup-1789751490622 404 - 1ms - IP: ::1
[2026-09-24T19:06:37.443Z] [GET] /api/purchase-orders 304 - 1ms - IP: ::1
[2026-09-24T19:06:37.446Z] [SUPPLIER-ROUTER-MIDDLEWARE] [GET] /api/suppliers/sup-1789751490622/documents | Client: Mozilla/5.0 (Windows NT 10.0; Win64; x64) AppleWebKit/537.36 (KHTML, like Gecko) Chrome/153.0.0.0 Safari/537.36
[2026-09-24T19:06:37.449Z] [GET] /api/suppliers/sup-1789751490622/documents 404 - 3ms - IP: ::1
[2026-09-24T19:10:55.998Z] [SUPPLIER-ROUTER-MIDDLEWARE] [GET] /api/suppliers/sup-1789751490622 | Client: Mozilla/5.0 (Windows NT 10.0; Win64; x64) AppleWebKit/537.36 (KHTML, like Gecko) Chrome/153.0.0.0 Safari/537.36
[2026-09-24T19:10:56.000Z] [GET] /api/suppliers/sup-1789751490622 404 - 2ms - IP: ::1
[2026-09-24T19:10:56.001Z] [GET] /api/purchase-orders 304 - 1ms - IP: ::1
[2026-09-24T19:10:56.005Z] [SUPPLIER-ROUTER-MIDDLEWARE] [GET] /api/suppliers/sup-1789751490622 | Client: Mozilla/5.0 (Windows NT 10.0; Win64; x64) AppleWebKit/537.36 (KHTML, like Gecko) Chrome/153.0.0.0 Safari/537.36
[2026-09-24T19:10:56.002Z] [SUPPLIER-ROUTER-MIDDLEWARE] [GET] /api/suppliers/sup-1789751490622/documents | Client: Mozilla/5.0 (Windows NT 10.0; Win64; x64) AppleWebKit/537.36 (KHTML, like Gecko) Chrome/153.0.0.0 Safari/537.36
[2026-09-24T19:10:56.004Z] [GET] /api/suppliers/sup-1789751490622/documents 404 - 2ms - IP: ::1
[2026-09-24T19:10:56.006Z] [GET] /api/suppliers/sup-1789751490622 404 - 1ms - IP: ::1
[2026-09-24T19:10:56.008Z] [GET] /api/purchase-orders 304 - 1ms - IP: ::1
[2026-09-24T19:10:56.009Z] [SUPPLIER-ROUTER-MIDDLEWARE] [GET] /api/suppliers/sup-1789751490622/documents | Client: Mozilla/5.0 (Windows NT 10.0; Win64; x64) AppleWebKit/537.36 (KHTML, like Gecko) Chrome/153.0.0.0 Safari/537.36
[2026-09-24T19:10:56.011Z] [GET] /api/suppliers/sup-1789751490622/documents 404 - 2ms - IP: ::1
[2026-09-24T19:11:09.376Z] [SUPPLIER-ROUTER-MIDDLEWARE] [GET] /api/suppliers/sup-1789751490622 | Client: Mozilla/5.0 (Windows NT 10.0; Win64; x64) AppleWebKit/537.36 (KHTML, like Gecko) Chrome/153.0.0.0 Safari/537.36
[2026-09-24T19:11:09.378Z] [GET] /api/suppliers/sup-1789751490622 404 - 2ms - IP: ::1
[2026-09-24T19:11:09.379Z] [GET] /api/purchase-orders 304 - 1ms - IP: ::1
[2026-09-24T19:11:09.380Z] [SUPPLIER-ROUTER-MIDDLEWARE] [GET] /api/suppliers/sup-1789751490622/documents | Client: Mozilla/5.0 (Windows NT 10.0; Win64; x64) AppleWebKit/537.36 (KHTML, like Gecko) Chrome/153.0.0.0 Safari/537.36
[2026-09-24T19:11:09.382Z] [GET] /api/suppliers/sup-1789751490622/documents 404 - 2ms - IP: ::1
[2026-09-24T19:11:28.167Z] [SUPPLIER-ROUTER-MIDDLEWARE] [GET] /api/suppliers/sup-1789751490622 | Client: Mozilla/5.0 (Windows NT 10.0; Win64; x64) AppleWebKit/537.36 (KHTML, like Gecko) Chrome/153.0.0.0 Safari/537.36
[2026-09-24T19:11:28.169Z] [GET] /api/suppliers/sup-1789751490622 404 - 2ms - IP: ::1
[2026-09-24T19:11:28.170Z] [GET] /api/purchase-orders 304 - 0ms - IP: ::1
[2026-09-24T19:11:28.172Z] [SUPPLIER-ROUTER-MIDDLEWARE] [GET] /api/suppliers/sup-1789751490622/documents | Client: Mozilla/5.0 (Windows NT 10.0; Win64; x64) AppleWebKit/537.36 (KHTML, like Gecko) Chrome/153.0.0.0 Safari/537.36
[2026-09-24T19:11:28.174Z] [GET] /api/suppliers/sup-1789751490622/documents 404 - 2ms - IP: ::1
[2026-09-24T19:12:11.847Z] [SUPPLIER-ROUTER-MIDDLEWARE] [GET] /api/suppliers/sup-1789751490622 | Client: Mozilla/5.0 (Windows NT 10.0; Win64; x64) AppleWebKit/537.36 (KHTML, like Gecko) Chrome/153.0.0.0 Safari/537.36
[2026-09-24T19:12:11.848Z] [GET] /api/suppliers/sup-1789751490622 404 - 1ms - IP: ::1
[2026-09-24T19:12:11.855Z] [GET] /api/purchase-orders 304 - 0ms - IP: ::1
[2026-09-24T19:12:11.859Z] [SUPPLIER-ROUTER-MIDDLEWARE] [GET] /api/suppliers/sup-1789751490622/documents | Client: Mozilla/5.0 (Windows NT 10.0; Win64; x64) AppleWebKit/537.36 (KHTML, like Gecko) Chrome/153.0.0.0 Safari/537.36
[2026-09-24T19:12:11.861Z] [GET] /api/suppliers/sup-1789751490622/documents 404 - 2ms - IP: ::1
[2026-09-24T19:12:11.869Z] [SUPPLIER-ROUTER-MIDDLEWARE] [GET] /api/suppliers/sup-1789751490622 | Client: Mozilla/5.0 (Windows NT 10.0; Win64; x64) AppleWebKit/537.36 (KHTML, like Gecko) Chrome/153.0.0.0 Safari/537.36
[2026-09-24T19:12:11.872Z] [GET] /api/suppliers/sup-1789751490622 404 - 3ms - IP: ::1
[2026-09-24T19:12:11.873Z] [GET] /api/purchase-orders 304 - 0ms - IP: ::1
[2026-09-24T19:12:11.884Z] [SUPPLIER-ROUTER-MIDDLEWARE] [GET] /api/suppliers/sup-1789751490622/documents | Client: Mozilla/5.0 (Windows NT 10.0; Win64; x64) AppleWebKit/537.36 (KHTML, like Gecko) Chrome/153.0.0.0 Safari/537.36
[2026-09-24T19:12:11.885Z] [GET] /api/suppliers/sup-1789751490622/documents 404 - 1ms - IP: ::1
[2026-09-24T19:14:02.520Z] [SUPPLIER-ROUTER-MIDDLEWARE] [POST] /api/suppliers/setup | Client: Mozilla/5.0 (Windows NT 10.0; Win64; x64) AppleWebKit/537.36 (KHTML, like Gecko) Chrome/153.0.0.0 Safari/537.36
[2026-09-24T19:14:02.580Z] [POST] /api/suppliers/setup 400 - 60ms - IP: ::1
[2026-09-24T19:14:13.920Z] [SUPPLIER-ROUTER-MIDDLEWARE] [GET] /api/suppliers/sup-1790277242626 | Client: Mozilla/5.0 (Windows NT 10.0; Win64; x64) AppleWebKit/537.36 (KHTML, like Gecko) Chrome/153.0.0.0 Safari/537.36
[2026-09-24T19:14:13.921Z] [GET] /api/suppliers/sup-1790277242626 404 - 1ms - IP: ::1
[2026-09-24T19:14:13.935Z] [SUPPLIER-ROUTER-MIDDLEWARE] [GET] /api/suppliers/sup-1790277242626/documents | Client: Mozilla/5.0 (Windows NT 10.0; Win64; x64) AppleWebKit/537.36 (KHTML, like Gecko) Chrome/153.0.0.0 Safari/537.36
[2026-09-24T19:14:13.937Z] [GET] /api/suppliers/sup-1790277242626/documents 404 - 2ms - IP: ::1
[2026-09-24T19:14:13.938Z] [GET] /api/purchase-orders 304 - 0ms - IP: ::1
[2026-09-24T19:14:13.948Z] [SUPPLIER-ROUTER-MIDDLEWARE] [GET] /api/suppliers/sup-1790277242626 | Client: Mozilla/5.0 (Windows NT 10.0; Win64; x64) AppleWebKit/537.36 (KHTML, like Gecko) Chrome/153.0.0.0 Safari/537.36
[2026-09-24T19:14:13.950Z] [GET] /api/suppliers/sup-1790277242626 404 - 2ms - IP: ::1
[2026-09-24T19:14:13.952Z] [GET] /api/purchase-orders 304 - 1ms - IP: ::1
[2026-09-24T19:14:14.016Z] [SUPPLIER-ROUTER-MIDDLEWARE] [GET] /api/suppliers/sup-1790277242626/documents | Client: Mozilla/5.0 (Windows NT 10.0; Win64; x64) AppleWebKit/537.36 (KHTML, like Gecko) Chrome/153.0.0.0 Safari/537.36
[2026-09-24T19:14:14.017Z] [GET] /api/suppliers/sup-1790277242626/documents 404 - 1ms - IP: ::1
